time_s	angle_deg
0.000000	-0.300000
0.033344	0.700000
0.066688	0.700000
0.100032	1.000000
0.133375	-0.300000
0.166719	2.100000
0.200063	-0.300000
0.233407	-0.300000
0.266751	-0.300000
0.300095	-0.300000
0.333438	-0.300000
0.366782	-0.300000
0.400126	-0.300000
0.433470	-0.300000
0.466814	-0.300000
0.500158	-0.300000
0.533501	-0.300000
0.566845	-0.300000
0.600189	-0.300000
0.633533	-0.300000
0.666877	-0.300000
0.700221	-2.200000
0.733565	-0.300000
0.766908	-0.300000
0.800252	-2.200000
0.833596	-0.300000
0.866940	-0.300000
0.900284	-2.200000
0.933628	-2.000000
0.966971	-1.300000
1.000315	-0.300000
1.033659	-0.300000
1.067003	-0.300000
1.100347	-0.300000
1.133691	-0.300000
1.167034	-0.300000
1.200378	-0.300000
1.233722	-0.300000
1.267066	-0.300000
1.300410	-0.300000
1.333754	-2.200000
1.367098	-0.300000
1.400441	-0.300000
1.433785	-0.300000
1.467129	-2.000000
1.500473	-2.000000
1.533817	-0.300000
1.567161	-2.200000
1.600504	-2.000000
1.633848	-2.000000
1.667192	-0.300000
1.700536	-2.200000
1.733880	-1.700000
1.767224	-1.700000
1.800567	-2.200000
1.833911	-1.700000
1.867255	-1.200000
1.900599	-2.200000
1.933943	-0.300000
1.967287	-0.300000
2.000630	-2.200000
2.033974	-2.000000
2.067318	-0.300000
2.100662	-2.200000
2.134006	-2.000000
2.167350	-2.000000
2.200694	-2.200000
2.234037	-2.000000
2.267381	-2.000000
2.300725	-2.200000
2.334069	-2.000000
2.367413	-2.000000
2.400757	-2.200000
2.434100	-2.000000
2.467444	-2.000000
2.500788	-2.200000
2.534132	-2.000000
2.567476	-1.700000
2.600820	-1.200000
2.634163	-2.200000
2.667507	-0.300000
2.700851	-0.300000
2.734195	-0.300000
2.767539	-2.000000
2.800883	-2.000000
2.834227	-2.000000
2.867570	-0.300000
2.900914	-2.200000
2.934258	-2.000000
2.967602	-2.000000
3.000946	-2.200000
3.034290	-2.000000
3.067633	-2.000000
3.100977	-2.200000
3.134321	-2.000000
3.167665	-2.000000
3.201009	-1.300000
3.234353	-2.200000
3.267696	-0.300000
3.301040	-0.300000
3.334384	-2.300000
3.367728	-0.300000
3.401072	-0.300000
3.434416	-3.000000
3.467760	-0.600000
3.501103	-0.700000
3.534447	-0.600000
3.567791	-0.600000
3.601135	-0.600000
3.634479	-0.700000
3.667823	-0.600000
3.701166	-0.300000
3.734510	-0.700000
3.767854	-0.600000
3.801198	-0.600000
3.834542	-0.300000
3.867886	-0.300000
3.901229	-2.700000
3.934573	-0.600000
3.967917	-3.100000
4.001261	-1.500000
4.034605	-2.200000
4.067949	-1.500000
4.101293	-2.000000
4.134636	-2.200000
4.167980	-2.000000
4.201324	-2.000000
4.234668	-2.200000
4.268012	-2.000000
4.301356	-2.000000
4.334699	-2.200000
4.368043	-2.000000
4.401387	-2.000000
4.434731	-2.300000
4.468075	-2.000000
4.501419	-2.000000
4.534762	-2.000000
4.568106	-2.200000
4.601450	-2.000000
4.634794	-2.000000
4.668138	-2.200000
4.701482	-2.000000
4.734825	-2.000000
4.768169	-2.200000
4.801513	-2.000000
4.834857	-2.000000
4.868201	-2.200000
4.901545	-2.000000
4.934889	-2.000000
4.968232	-2.200000
5.001576	-2.000000
5.034920	-2.000000
5.068264	-2.200000
5.101608	-2.000000
5.134952	-1.900000
5.168295	-2.200000
5.201639	-2.000000
5.234983	-2.200000
5.268327	-2.000000
5.301671	-2.000000
5.335015	-2.200000
5.368358	-2.000000
5.401702	-2.000000
5.435046	-2.200000
5.468390	-2.000000
5.501734	-2.000000
5.535078	-2.200000
5.568422	-2.000000
5.601765	-2.000000
5.635109	-2.200000
5.668453	-2.000000
5.701797	-1.600000
5.735141	-2.200000
5.768485	-2.000000
5.801828	-1.600000
5.835172	-2.200000
5.868516	-1.600000
5.901860	-1.500000
5.935204	-0.300000
5.968548	-2.300000
6.001891	-2.000000
6.035235	-2.000000
6.068579	-2.300000
6.101923	-2.000000
6.135267	-2.000000
6.168611	-2.000000
6.201955	-2.300000
6.235298	-2.000000
6.268642	-2.000000
6.301986	-2.300000
6.335330	-2.000000
6.368674	-2.000000
6.402018	-2.300000
6.435361	-2.000000
6.468705	-2.000000
6.502049	-2.300000
6.535393	-2.000000
6.568737	-2.000000
6.602081	-2.300000
6.635424	-2.000000
6.668768	-2.000000
6.702112	-2.300000
6.735456	-2.000000
6.768800	-1.500000
6.802144	-2.900000
6.835488	-3.100000
6.868831	-1.500000
6.902175	-2.200000
6.935519	-1.300000
6.968863	-2.900000
7.002207	-2.900000
7.035551	-3.100000
7.068894	-1.900000
7.102238	-1.500000
7.135582	-2.000000
7.168926	-2.000000
7.202270	-2.300000
7.235614	-2.000000
7.268957	-2.000000
7.302301	-2.300000
7.335645	-2.000000
7.368989	-2.000000
7.402333	-2.300000
7.435677	-2.000000
7.469021	-1.900000
7.502364	-2.300000
7.535708	-2.000000
7.569052	-2.000000
7.602396	-2.200000
7.635740	-1.600000
7.669084	-1.900000
7.702427	-1.300000
7.735771	-3.000000
7.769115	-3.000000
7.802459	-3.500000
7.835803	-3.500000
7.869147	-3.500000
7.902490	-3.500000
7.935834	-3.600000
7.969178	-3.600000
8.002522	-3.600000
8.035866	-3.500000
8.069210	-3.500000
8.102553	-3.500000
8.135897	-3.500000
8.169241	-3.500000
8.202585	-3.500000
8.235929	-3.500000
8.269273	-3.500000
8.302617	-3.500000
8.335960	-3.500000
8.369304	-3.500000
8.402648	-3.500000
8.435992	-3.100000
8.469336	-1.500000
8.502680	-2.200000
8.536023	-1.500000
8.569367	-2.900000
8.602711	-3.000000
8.636055	-3.100000
8.669399	-1.500000
8.702743	-2.000000
8.736086	-2.000000
8.769430	-2.000000
8.802774	-2.300000
8.836118	-2.000000
8.869462	-2.300000
8.902806	-2.000000
8.936150	-2.000000
8.969493	-2.000000
9.002837	-2.200000
9.036181	-2.000000
9.069525	-1.900000
9.102869	-2.200000
9.136213	-1.900000
9.169556	-1.500000
9.202900	-2.900000
9.236244	-3.100000
9.269588	-3.500000
9.302932	-3.500000
9.336276	-3.900000
9.369619	-3.900000
9.402963	-4.200000
9.436307	-3.100000
9.469651	-4.200000
9.502995	-3.100000
9.536339	-4.200000
9.569683	-3.100000
9.603026	-4.200000
9.636370	-3.100000
9.669714	-1.100000
9.703058	-3.000000
9.736402	-3.500000
9.769746	-3.500001
9.803089	-1.400001
9.836433	-1.600001
9.869777	-1.900001
9.903121	-2.200001
9.936465	-1.900001
9.969809	-1.900001
10.003152	-2.200001
10.036496	-1.600001
10.069840	-1.900001
10.103184	-2.200001
10.136528	-1.600001
10.169872	-1.900001
10.203216	-2.200001
10.236559	-1.900001
10.269903	-1.300001
10.303247	-2.400001
10.336591	-1.000001
10.369935	-2.900000
10.403279	-3.600001
10.436622	-3.600000
10.469966	-1.000000
10.503310	-3.000000
10.536654	-3.100001
10.569998	-1.500001
10.603342	-2.200001
10.636685	-1.500001
10.670029	-2.900001
10.703373	-3.100001
10.736717	-3.500001
10.770061	-3.500001
10.803405	-3.500001
10.836749	-3.600001
10.870092	-3.600001
10.903436	-3.500001
10.936780	-3.600001
10.970124	-3.600001
11.003468	-3.600001
11.036812	-3.500001
11.070155	-3.600001
11.103499	-1.000001
11.136843	-3.000001
11.170187	-3.500001
11.203531	-3.500001
11.236875	-3.500001
11.270218	-3.500001
11.303562	-3.500001
11.336906	-3.500001
11.370250	-3.500001
11.403594	-3.500001
11.436938	-3.100001
11.470281	-4.200001
11.503625	-3.100001
11.536969	-4.200001
11.570313	-3.100001
11.603657	-3.500001
11.637001	-3.500001
11.670345	-3.500001
11.703688	-3.500001
11.737032	-3.500001
11.770376	-3.500001
11.803720	-3.500001
11.837064	-3.500001
11.870408	-3.500001
11.903751	-3.500001
11.937095	-3.500001
11.970439	-3.500001
12.003783	-3.500001
12.037127	-3.100001
12.070471	-1.900001
12.103814	-1.500001
12.137158	-2.000001
12.170502	-2.300001
12.203846	-2.000001
12.237190	-2.000001
12.270534	-2.300001
12.303878	-2.300001
12.337221	-2.300001
12.370565	-1.900001
12.403909	-1.900001
12.437253	-2.300001
12.470597	-1.900002
12.503941	-1.900002
12.537284	-2.300002
12.570628	-2.200002
12.603972	-1.900002
12.637316	-2.200002
12.670660	-1.900002
12.704004	-1.500002
12.737347	-2.300002
12.770691	-2.300002
12.804035	-2.300002
12.837379	-2.000002
12.870723	-2.000001
12.904067	-2.300001
12.937411	-2.300002
12.970754	-2.300002
13.004098	-2.300002
13.037442	-2.300002
13.070786	-2.300002
13.104130	-2.300002
13.137474	-1.900002
13.170817	-1.500002
13.204161	-2.900002
13.237505	-3.000002
13.270849	-3.500002
13.304193	-3.500002
13.337537	-3.500002
13.370880	-3.500002
13.404224	-3.500002
13.437568	-3.500002
13.470912	-3.500002
13.504256	-3.500002
13.537600	-3.500002
13.570944	-3.500002
13.604287	-3.500002
13.637631	-3.500002
13.670975	-3.500002
13.704319	-3.500002
13.737663	-3.100002
13.771007	-1.500002
13.804350	-2.000002
13.837694	-1.900002
13.871038	-2.300002
13.904382	-1.900002
13.937726	-1.900002
13.971070	-2.300002
14.004413	-1.900002
14.037757	-1.900002
14.071101	-4.300002
14.104445	-2.000002
14.137789	-2.300002
14.171133	-2.000003
14.204476	-2.000002
14.237820	-2.300002
14.271164	-2.000003
14.304508	-2.000002
14.337852	-2.300002
14.371196	-1.900003
14.404540	-1.900003
14.437883	-2.300003
14.471227	-1.900003
14.504571	-1.900003
14.537915	-4.200003
14.571259	-3.500003
14.604603	-3.600003
14.637946	-3.600003
14.671290	-3.600003
14.704634	-3.600003
14.737978	-3.600003
14.771322	-3.500003
14.804666	-3.500003
14.838009	-3.500003
14.871353	-3.500003
14.904697	-3.500003
14.938041	-3.500003
14.971385	-3.500003
15.004729	-3.100003
15.038073	-1.400003
15.071416	-1.900003
15.104760	-2.000003
15.138104	-2.300003
15.171448	-1.900003
15.204792	-1.900003
15.238136	-2.300003
15.271479	-1.900003
15.304823	-1.900004
15.338167	-4.200004
15.371511	-3.600004
15.404855	-3.600004
15.438199	-3.600004
15.471542	-3.500004
15.504886	-3.500004
15.538230	-3.600004
15.571574	-3.500004
15.604918	-3.500004
15.638262	-3.500004
15.671606	-3.500004
15.704949	-3.500004
15.738293	-3.500004
15.771637	-3.500004
15.804981	-3.500004
15.838325	-3.500004
15.871669	-3.500004
15.905012	-3.500004
15.938356	-3.000004
15.971700	-3.500004
16.005044	-3.500004
16.038388	-3.600004
16.071732	-3.600004
16.105075	-3.600004
16.138419	-3.600004
16.171763	-3.600004
16.205107	-3.600004
16.238451	-3.600004
16.271795	-3.600004
16.305139	-3.600004
16.338482	-3.500004
16.371826	-3.500004
16.405170	-3.500004
16.438514	-3.500004
16.471858	-3.500004
16.505202	-3.600004
16.538545	-3.600004
16.571889	-3.600004
16.605233	-3.500004
16.638577	-3.500004
16.671921	-3.100004
16.705265	-3.500004
16.738608	-3.500004
16.771952	-3.500004
16.805296	-3.500004
16.838640	-3.500004
16.871984	-3.500004
16.905328	-3.500004
16.938672	-3.500004
16.972015	-3.500004
17.005359	-3.500004
17.038703	-3.500004
17.072047	-3.500004
17.105391	-3.500004
17.138735	-3.500004
17.172078	-3.500004
17.205422	-3.400004
17.238766	-3.400004
17.272110	-3.200004
17.305454	-3.900005
17.338798	-3.900004
17.372141	-3.500004
17.405485	-3.900004
17.438829	-3.500004
17.472173	-3.900004
17.505517	-3.900004
17.538861	-3.900004
17.572204	-3.500004
17.605548	-3.600004
17.638892	-3.600004
17.672236	-3.600004
17.705580	-3.600004
17.738924	-3.500004
17.772268	-3.500004
17.805611	-3.500004
17.838955	-3.500004
17.872299	-3.600004
17.905643	-3.500004
17.938987	-3.600004
17.972331	-3.500004
18.005674	-3.500004
18.039018	-3.500004
18.072362	-3.500004
18.105706	-3.500004
18.139050	-3.500004
18.172394	-3.500004
18.205737	-3.200004
18.239081	-3.900005
18.272425	-3.900004
18.305769	-3.900004
18.339113	-3.100004
18.372457	-2.200004
18.405801	-1.900004
18.439144	-4.300004
18.472488	-2.900005
18.505832	-3.200005
18.539176	-3.600005
18.572520	-3.600005
18.605864	-3.600005
18.639207	-3.600005
18.672551	-3.600005
18.705895	-3.600005
18.739239	-3.600005
18.772583	-3.500005
18.805927	-3.500005
18.839270	-3.500005
18.872614	-3.500005
18.905958	-3.600005
18.939302	-3.600005
18.972646	-3.700005
19.005990	-3.700005
19.039334	-3.700005
19.072677	-3.700005
19.106021	-3.700005
19.139365	-3.700005
19.172709	-3.700005
19.206053	-3.700005
19.239397	-3.700005
19.272740	-3.500005
19.306084	-3.500005
19.339428	-2.700005
19.372772	-3.500005
19.406116	-3.500005
19.439460	-3.500005
19.472803	-3.400005
19.506147	-3.100005
19.539491	-1.900005
19.572835	-1.500005
19.606179	-4.300005
19.639523	-3.200005
19.672867	-3.600005
19.706210	-3.600005
19.739554	-3.600005
19.772898	-3.600005
19.806242	-3.500005
19.839586	-3.500005
19.872930	-3.500005
19.906273	-3.500005
19.939617	-3.500005
19.972961	-3.500005
20.006305	-3.200005
20.039649	-3.900005
20.072993	-3.900005
20.106336	-3.900005
20.139680	-3.900005
20.173024	-3.500005
20.206368	-3.500005
20.239712	-3.500005
20.273056	-3.500005
20.306400	-3.500005
20.339743	-3.600005
20.373087	-3.500005
20.406431	-3.500005
20.439775	-3.500005
20.473119	-3.700005
20.506463	-3.700005
20.539806	-3.700005
20.573150	-3.700005
20.606494	-3.400005
20.639838	-3.500005
20.673182	-3.500005
20.706526	-3.700005
20.739869	-3.700005
20.773213	-3.500005
20.806557	-3.500005
20.839901	-3.500005
20.873245	-3.500005
20.906589	-3.500005
20.939932	-3.500005
20.973276	-3.500005
21.006620	-3.200005
21.039964	-3.900005
21.073308	-3.900005
21.106652	-3.700005
21.139996	-3.700005
21.173339	-3.700005
21.206683	-3.700005
21.240027	-3.700005
21.273371	-3.900005
21.306715	-3.500005
21.340059	-3.700005
21.373402	-3.700005
21.406746	-3.600005
21.440090	-3.600005
21.473434	-3.700005
21.506778	-3.700005
21.540122	-3.400005
21.573465	-3.400005
21.606809	-3.400005
21.640153	-3.400005
21.673497	-3.400005
21.706841	-3.400005
21.740185	-3.400005
21.773529	-3.400005
21.806872	-3.300005
21.840216	-3.900005
21.873560	-3.900005
21.906904	-3.900005
21.940248	-3.900005
21.973592	-3.900005
22.006935	-3.900005
22.040279	-3.900005
22.073623	-3.900005
22.106967	-3.900005
22.140311	-3.400005
22.173655	-3.400005
22.206998	-3.400005
22.240342	-3.400005
22.273686	-3.500005
22.307030	-3.200005
22.340374	-4.000005
22.373718	-4.000005
22.407062	-4.000005
22.440405	-3.900005
22.473749	-3.900005
22.507093	-3.900005
22.540437	-3.900005
22.573781	-3.900005
22.607125	-3.900005
22.640468	-3.900005
22.673812	-3.900005
22.707156	-3.900005
22.740500	-3.900005
22.773844	-3.900005
22.807188	-3.900005
22.840531	-3.900005
22.873875	-3.500005
22.907219	-3.500005
22.940563	-3.500005
22.973907	-3.500005
23.007251	-3.400005
23.040595	-3.400005
23.073938	-3.400005
23.107282	-3.400005
23.140626	-3.400005
23.173970	-3.300005
23.207314	-1.900005
23.240658	-1.500005
23.274001	-4.300005
23.307345	-3.000005
23.340689	-3.700006
23.374033	-3.500006
23.407377	-3.500006
23.440721	-3.500006
23.474064	-3.800006
23.507408	-3.500006
23.540752	-3.800006
23.574096	-3.200006
23.607440	-3.900006
23.640784	-3.900006
23.674127	-4.200006
23.707471	-3.700005
23.740815	-3.500006
23.774159	-3.500006
23.807503	-3.200006
23.840847	-3.600006
23.874191	-3.600006
23.907534	-3.600006
23.940878	-3.600006
23.974222	-3.600006
24.007566	-3.600006
24.040910	-3.600006
24.074254	-3.800006
24.107597	-3.800005
24.140941	-3.700005
24.174285	-3.800005
24.207629	-3.700005
24.240973	-3.800005
24.274317	-3.700004
24.307660	-3.700004
24.341004	-3.700004
24.374348	-3.700004
24.407692	-3.700004
24.441036	-3.700004
24.474380	-3.700004
24.507724	-3.700004
24.541067	-3.500004
24.574411	-3.400004
24.607755	-3.500004
24.641099	-3.500004
24.674443	-3.500004
24.707787	-3.200004
24.741130	-3.900005
24.774474	-3.900004
24.807818	-3.900004
24.841162	-3.900004
24.874506	-3.900004
24.907850	-3.500004
24.941193	-3.600004
24.974537	-3.600004
25.007881	-3.500004
25.041225	-3.500004
25.074569	-3.200004
25.107913	-4.500005
25.141257	-2.300005
25.174600	-2.000004
25.207944	-4.300004
25.241288	-3.200005
25.274632	-3.600005
25.307976	-3.700005
25.341320	-3.700005
25.374663	-3.700005
25.408007	-3.700005
25.441351	-3.800005
25.474695	-3.700004
25.508039	-3.800004
25.541383	-3.700004
25.574726	-3.800004
25.608070	-3.800004
25.641414	-3.700004
25.674758	-3.700003
25.708102	-3.800003
25.741446	-3.700003
25.774790	-3.700003
25.808133	-3.500003
25.841477	-3.700003
25.874821	-3.500003
25.908165	-3.500003
25.941509	-3.500003
25.974853	-3.500003
26.008196	-3.500003
26.041540	-3.500003
26.074884	-3.500003
26.108228	-3.500003
26.141572	-3.000003
26.174916	-3.700003
26.208259	-3.700003
26.241603	-3.700003
26.274947	-3.700003
26.308291	-3.700003
26.341635	-3.700003
26.374979	-3.700003
26.408323	-3.700003
26.441666	-3.700003
26.475010	-3.700003
26.508354	-3.400003
26.541698	-3.200003
26.575042	-3.900003
26.608386	-3.900003
26.641729	-3.900003
26.675073	-3.600003
26.708417	-3.900003
26.741761	-3.600003
26.775105	-3.600003
26.808449	-3.600003
26.841792	-3.400003
26.875136	-3.400003
26.908480	-3.400003
26.941824	-3.400003
26.975168	-3.400003
27.008512	-3.400003
27.041855	-3.400003
27.075199	-3.400003
27.108543	-3.400003
27.141887	-3.500003
27.175231	-3.500003
27.208575	-3.400003
27.241919	-3.400003
27.275262	-3.400003
27.308606	-3.400003
27.341950	-3.500003
27.375294	-3.400003
27.408638	-3.700003
27.441982	-3.400003
27.475325	-3.400003
27.508669	-3.400003
27.542013	-3.300003
27.575357	-3.900003
27.608701	-3.900003
27.642045	-3.900003
27.675388	-3.400003
27.708732	-3.900003
27.742076	-3.900003
27.775420	-3.900003
27.808764	-3.900003
27.842108	-3.900003
27.875452	-3.900003
27.908795	-3.900003
27.942139	-3.400003
27.975483	-3.400003
28.008827	-3.400003
28.042171	-3.400003
28.075515	-3.500003
28.108858	-3.500003
28.142202	-3.500003
28.175546	-3.500003
28.208890	-3.500003
28.242234	-3.500003
28.275578	-3.500003
28.308921	-3.400003
28.342265	-3.400003
28.375609	-3.400003
28.408953	-3.400003
28.442297	-3.400003
28.475641	-3.400003
28.508985	-3.400003
28.542328	-3.400003
28.575672	-3.100003
28.609016	-1.500003
28.642360	-4.300003
28.675704	-2.700003
28.709048	-3.300003
28.742391	-3.500003
28.775735	-3.900003
28.809079	-3.900003
28.842423	-3.900003
28.875767	-3.900003
28.909111	-3.900003
28.942454	-3.400003
28.975798	-3.400003
29.009142	-3.400003
29.042486	-3.400003
29.075830	-3.400003
29.109174	-3.400003
29.142518	-3.400003
29.175861	-3.400003
29.209205	-3.400003
29.242549	-3.400003
29.275893	-3.400003
29.309237	-3.400003
29.342581	-3.400003
29.375924	-3.400003
29.409268	-3.400003
29.442612	-3.400003
29.475956	-3.400003
29.509300	-3.100003
29.542644	-1.900004
29.575987	-4.300004
29.609331	-2.000004
29.642675	-4.300004
29.676019	-3.000004
29.709363	-3.700004
29.742707	-3.200004
29.776051	-3.900004
29.809394	-3.900004
29.842738	-3.900004
29.876082	-3.900004
29.909426	-3.900004
29.942770	-3.900004
29.976114	-3.500004
30.009457	-3.500004
30.042801	-3.500004
30.076145	-3.500004
30.109489	-3.500004
30.142833	-3.500004
30.176177	-3.600004
30.209520	-3.600004
30.242864	-3.500004
30.276208	-3.600004
30.309552	-3.600004
30.342896	-3.500004
30.376240	-3.500004
30.409583	-3.500004
30.442927	-3.600004
30.476271	-3.400004
30.509615	-3.500004
30.542959	-3.700004
30.576303	-3.400004
30.609647	-3.400004
30.642990	-3.400004
30.676334	-3.400004
30.709678	-3.400004
30.743022	-3.400004
30.776366	-3.200004
30.809710	-3.900004
30.843053	-3.900004
30.876397	-3.900004
30.909741	-1.900004
30.943085	-1.500004
30.976429	-4.300004
31.009773	-3.000004
31.043116	-3.700004
31.076460	-3.700004
31.109804	-3.700004
31.143148	-3.700004
31.176492	-3.700004
31.209836	-3.700004
31.243180	-3.700004
31.276523	-3.700004
31.309867	-3.700004
31.343211	-3.700004
31.376555	-3.700004
31.409899	-3.700004
31.443243	-3.700004
31.476586	-3.700004
31.509930	-3.700004
31.543274	-3.700004
31.576618	-3.700004
31.609962	-3.700004
31.643306	-3.700004
31.676649	-3.700004
31.709993	-3.200004
31.743337	-3.900004
31.776681	-3.600004
31.810025	-3.600004
31.843369	-3.600004
31.876713	-3.600004
31.910056	-3.600004
31.943400	-3.600004
31.976744	-3.600004
32.010088	-3.600004
32.043432	-3.700004
32.076776	-3.700004
32.110119	-3.700004
32.143463	-3.700004
32.176807	-3.700004
32.210151	-3.700004
32.243495	-3.700004
32.276839	-3.700004
32.310182	-3.700004
32.343526	-3.700004
32.376870	-3.200004
32.410214	-3.900004
32.443558	-3.900004
32.476902	-3.900004
32.510246	-3.900004
32.543589	-3.900004
32.576933	-3.900004
32.610277	-3.600004
32.643621	-3.600004
32.676965	-3.600004
32.710309	-3.600004
32.743652	-3.600004
32.776996	-3.700004
32.810340	-3.400004
32.843684	-3.400004
32.877028	-3.400004
32.910372	-3.400004
32.943715	-3.400004
32.977059	-3.400004
33.010403	-3.400004
33.043747	-3.400004
33.077091	-3.400004
33.110435	-3.400004
33.143778	-3.400004
33.177122	-3.400004
33.210466	-3.400004
33.243810	-3.400004
33.277154	-3.400004
33.310498	-3.400004
33.343842	-3.400004
33.377185	-3.400004
33.410529	-3.300004
33.443873	-3.500004
33.477217	-3.500004
33.510561	-3.900004
33.543905	-3.900004
33.577248	-3.900004
33.610592	-3.400004
33.643936	-3.400004
33.677280	-3.400004
33.710624	-3.400004
33.743968	-3.400004
33.777311	-3.400004
33.810655	-3.400004
33.843999	-3.400004
33.877343	-3.400004
33.910687	-3.400004
33.944031	-3.400004
33.977375	-3.400004
34.010718	-3.400004
34.044062	-3.400004
34.077406	-3.400004
34.110750	-3.400004
34.144094	-3.400004
34.177438	-3.400004
34.210781	-3.400004
34.244125	-3.400004
34.277469	-3.400004
34.310813	-3.400004
34.344157	-3.400004
34.377501	-3.400004
34.410844	-3.400004
34.444188	-3.400004
34.477532	-3.400004
34.510876	-3.400004
34.544220	-3.400004
34.577564	-3.400004
34.610908	-3.400004
34.644251	-3.400004
34.677595	-3.400004
34.710939	-3.400004
34.744283	-3.400004
34.777627	-3.400004
34.810971	-3.300004
34.844314	-3.400004
34.877658	-1.500004
34.911002	-4.300004
34.944346	-3.000005
34.977690	-3.800005
35.011034	-3.700004
35.044377	-3.800004
35.077721	-3.700004
35.111065	-3.700004
35.144409	-3.700004
35.177753	-3.800004
35.211097	-3.800004
35.244441	-3.700004
35.277784	-3.800003
35.311128	-3.800003
35.344472	-3.800003
35.377816	-3.800003
35.411160	-3.800003
35.444504	-3.800003
35.477847	-2.700003
35.511191	-3.400003
35.544535	-3.400003
35.577879	-3.400003
35.611223	-3.400003
35.644567	-3.200003
35.677910	-3.500003
35.711254	-3.600004
35.744598	-3.600003
35.777942	-3.400003
35.811286	-3.700004
35.844630	-3.400003
35.877974	-3.700004
35.911317	-3.400003
35.944661	-3.400004
35.978005	-3.400004
36.011349	-3.400004
36.044693	-3.400004
36.078037	-3.300004
36.111380	-4.100004
36.144724	-4.100004
36.178068	-4.100004
36.211412	-4.100004
36.244756	-4.100004
36.278100	-4.100004
36.311443	-4.100004
36.344787	-4.100004
36.378131	-4.100004
36.411475	-4.100004
36.444819	-4.100004
36.478163	-3.900004
36.511506	-4.100003
36.544850	-3.900004
36.578194	-3.500003
36.611538	-3.500004
36.644882	-3.500004
36.678226	-3.500004
36.711570	-3.500004
36.744913	-3.500004
36.778257	-3.500004
36.811601	-3.500004
36.844945	-3.400004
36.878289	-3.400004
36.911633	-3.400004
36.944976	-3.400004
36.978320	-3.400004
37.011664	-3.400004
37.045008	-3.400004
37.078352	-3.300004
37.111696	-3.900004
37.145039	-4.100003
37.178383	-4.100004
37.211727	-3.500004
37.245071	-3.500004
37.278415	-3.500004
37.311759	-3.500004
37.345103	-3.400004
37.378446	-3.400004
37.411790	-3.400004
37.445134	-3.400004
37.478478	-3.400004
37.511822	-3.400004
37.545166	-3.400004
37.578509	-3.400004
37.611853	-3.400004
37.645197	-3.400004
37.678541	-3.400004
37.711885	-3.300004
37.745229	-4.100004
37.778572	-4.100004
37.811916	-4.100004
37.845260	-4.100004
37.878604	-4.100004
37.911948	-4.100004
37.945292	-4.100004
37.978636	-1.900004
38.011979	-4.000004
38.045323	-4.000004
38.078667	-4.000004
38.112011	-4.200004
38.145355	-3.800004
38.178699	-3.700004
38.212042	-3.800004
38.245386	-3.800004
38.278730	-3.800004
38.312074	-3.800004
38.345418	-3.800004
38.378762	-3.800004
38.412105	-3.800004
38.445449	-3.800004
38.478793	-3.800004
38.512137	-2.700004
38.545481	-3.400004
38.578825	-3.400004
38.612169	-3.400004
38.645512	-3.300004
38.678856	-4.100004
38.712200	-4.100004
38.745544	-4.100004
38.778888	-4.100004
38.812232	-4.100004
38.845575	-3.500004
38.878919	-3.600004
38.912263	-3.500004
38.945607	-3.500004
38.978951	-3.400004
39.012295	-3.400004
39.045638	-3.200004
39.078982	-4.500005
39.112326	-2.600005
39.145670	-3.800005
39.179014	-3.800004
39.212358	-3.800004
39.245702	-3.800004
39.279045	-3.800004
39.312389	-3.800004
39.345733	-3.800004
39.379077	-3.000004
39.412421	-3.700004
39.445765	-3.700004
39.479108	-3.700004
39.512452	-3.700004
39.545796	-3.700004
39.579140	-3.700004
39.612484	-3.700004
39.645828	-3.700004
39.679171	-3.700004
39.712515	-3.800004
39.745859	-3.700004
39.779203	-3.700004
39.812547	-3.700004
39.845891	-3.800004
39.879234	-3.800004
39.912578	-3.800004
39.945922	-3.800004
39.979266	-3.800004
40.012610	-3.800004
40.045954	-3.800004
40.079298	-3.800004
40.112641	-3.700004
40.145985	-3.800003
40.179329	-3.300003
40.212673	-3.700003
40.246017	-3.700003
40.279361	-3.700003
40.312704	-3.700003
40.346048	-3.700003
40.379392	-3.700003
40.412736	-3.700003
40.446080	-3.700003
40.479424	-3.700003
40.512767	-3.700003
40.546111	-3.700003
40.579455	-3.700003
40.612799	-3.700003
40.646143	-3.700003
40.679487	-3.700003
40.712831	-3.700003
40.746174	-3.800003
40.779518	-3.800003
40.812862	-3.800003
40.846206	-3.700003
40.879550	-3.700003
40.912894	-3.800003
40.946237	-3.700002
40.979581	-3.300002
41.012925	-3.700002
41.046269	-3.700002
41.079613	-3.700002
41.112957	-3.700002
41.146300	-3.700002
41.179644	-3.700002
41.212988	-3.700002
41.246332	-3.700002
41.279676	-3.700002
41.313020	-3.700002
41.346364	-3.700002
41.379707	-3.700002
41.413051	-3.700002
41.446395	-3.700002
41.479739	-3.800002
41.513083	-3.700002
41.546427	-3.700002
41.579770	-3.800002
41.613114	-3.700002
41.646458	-3.400001
41.679802	-3.400001
41.713146	-3.400001
41.746490	-3.800001
41.779833	-3.300002
41.813177	-3.700002
41.846521	-3.700002
41.879865	-3.700002
41.913209	-3.700002
41.946553	-3.700002
41.979897	-3.700002
42.013240	-3.700002
42.046584	-3.700002
42.079928	-3.700002
42.113272	-3.700002
42.146616	-3.700002
42.179960	-3.700002
42.213303	-3.700002
42.246647	-3.700002
42.279991	-3.700002
42.313335	-3.700002
42.346679	-3.700002
42.380023	-3.800002
42.413366	-3.700002
42.446710	-3.800001
42.480054	-3.700001
42.513398	-3.700001
42.546742	-3.800001
42.580086	-3.200001
42.613429	-3.700001
42.646773	-3.700000
42.680117	-3.700000
42.713461	-3.700000
42.746805	-3.700000
42.780149	-3.700000
42.813493	-3.700000
42.846836	-3.700000
42.880180	-3.700000
42.913524	-3.700000
42.946868	-3.700000
42.980212	-3.700000
43.013556	-3.800000
43.046899	-3.800000
43.080243	-3.200000
43.113587	-4.000000
43.146931	-4.000000
43.180275	-4.100000
43.213619	-4.100000
43.246962	-4.100000
43.280306	-4.100000
43.313650	-3.700000
43.346994	-3.700000
43.380338	-3.700000
43.413682	-3.700000
43.447026	-3.700000
43.480369	-3.700000
43.513713	-3.700000
43.547057	-3.700000
43.580401	-3.700000
43.613745	-3.700000
43.647089	-3.700000
43.680432	-3.700000
43.713776	-3.700000
43.747120	-3.700000
43.780464	-3.700000
43.813808	-3.700000
43.847152	-3.700000
43.880495	-3.700000
43.913839	-3.700000
43.947183	-3.700000
43.980527	-3.700000
44.013871	-3.200000
44.047215	-3.700000
44.080559	-3.700000
44.113902	-3.700000
44.147246	-3.700000
44.180590	-3.700000
44.213934	-3.700000
44.247278	-3.700000
44.280622	-3.700000
44.313965	-3.700000
44.347309	-3.700000
44.380653	-3.700000
44.413997	-3.700000
44.447341	-3.200000
44.480685	-4.500000
44.514028	-2.600001
44.547372	-3.800001
44.580716	-3.800001
44.614060	-3.800001
44.647404	-3.800001
44.680748	-5.600001
44.714092	-4.100001
44.747435	-4.100001
44.780779	-4.100001
44.814123	-4.100001
44.847467	-3.400001
44.880811	-3.400001
44.914155	-3.700001
44.947498	-3.400001
44.980842	-3.700001
45.014186	-3.400001
45.047530	-3.400001
45.080874	-3.400001
45.114218	-3.700001
45.147561	-3.400001
45.180905	-3.700001
45.214249	-3.700001
45.247593	-3.700001
45.280937	-3.400001
45.314281	-3.700001
45.347625	-3.200001
45.380968	-4.100001
45.414312	-4.100001
45.447656	-4.100001
45.481000	-4.100001
45.514344	-4.000001
45.547688	-4.100001
45.581031	-4.100001
45.614375	-4.100001
45.647719	-4.100001
45.681063	-4.100001
45.714407	-4.100001
45.747751	-4.100001
45.781094	-4.100001
45.814438	-4.100001
45.847782	-4.100001
45.881126	-4.100001
45.914470	-4.100001
45.947814	-4.100001
45.981157	-3.400001
46.014501	-4.100001
46.047845	-3.400001
46.081189	-3.400001
46.114533	-3.400001
46.147877	-3.200001
46.181221	-4.500001
46.214564	-2.600002
46.247908	-2.700002
46.281252	-3.400002
46.314596	-3.200002
46.347940	-4.000002
46.381284	-4.100001
46.414627	-4.100002
46.447971	-4.100002
46.481315	-4.100002
46.514659	-4.100002
46.548003	-4.100002
46.581347	-4.100002
46.614690	-4.100002
46.648034	-3.200002
46.681378	-4.500002
46.714722	-2.600002
46.748066	-2.700002
46.781410	-3.700002
46.814754	-3.200002
46.848097	-4.000002
46.881441	-4.100002
46.914785	-4.100002
46.948129	-4.100002
46.981473	-4.000002
47.014817	-4.000002
47.048160	-4.000002
47.081504	-4.100002
47.114848	-4.100002
47.148192	-4.100002
47.181536	-4.100002
47.214880	-4.100002
47.248223	-4.100002
47.281567	-4.100002
47.314911	-4.100002
47.348255	-4.100002
47.381599	-4.100002
47.414943	-4.100002
47.448287	-4.100002
47.481630	-4.100002
47.514974	-3.700002
47.548318	-3.200002
47.581662	-4.100002
47.615006	-4.100002
47.648350	-4.000002
47.681693	-4.100003
47.715037	-4.100002
47.748381	-4.100002
47.781725	-4.100002
47.815069	-4.100002
47.848413	-4.100002
47.881756	-4.100002
47.915100	-4.100002
47.948444	-4.100002
47.981788	-4.100002
48.015132	-4.100002
48.048476	-4.100002
48.081820	-4.100002
48.115163	-4.100002
48.148507	-3.200002
48.181851	-4.100003
48.215195	-4.100003
48.248539	-4.100003
48.281883	-4.100003
48.315226	-4.100003
48.348570	-4.000003
48.381914	-4.000003
48.415258	-4.000003
48.448602	-4.000003
48.481946	-4.000003
48.515289	-4.000003
48.548633	-4.000003
48.581977	-4.000003
48.615321	-4.000003
48.648665	-4.000003
48.682009	-4.000003
48.715353	-4.100003
48.748696	-4.100003
48.782040	-4.100003
48.815384	-4.100003
48.848728	-4.100003
48.882072	-4.100003
48.915416	-4.100003
48.948759	-3.200003
48.982103	-4.100003
49.015447	-4.500003
49.048791	-4.300003
49.082135	-3.400003
49.115479	-3.400003
49.148822	-3.400003
49.182166	-3.400003
49.215510	-3.400003
49.248854	-3.400003
49.282198	-3.400003
49.315542	-3.000003
49.348885	-3.700003
49.382229	-3.700003
49.415573	-3.700003
49.448917	-3.700003
49.482261	-3.700003
49.515605	-3.700003
49.548949	-3.700003
49.582292	-3.200003
49.615636	-4.100003
49.648980	-4.100004
49.682324	-4.100004
49.715668	-4.100004
49.749012	-4.100004
49.782355	-4.100004
49.815699	-4.100004
49.849043	-3.700004
49.882387	-3.700003
49.915731	-3.700003
49.949075	-3.700003
49.982418	-3.700003
50.015762	-3.700003
50.049106	-3.700003
50.082450	-3.700003
50.115794	-3.700003
50.149138	-3.700003
50.182482	-3.200003
50.215825	-4.100003
50.249169	-4.100004
50.282513	-4.100004
50.315857	-4.000004
50.349201	-4.100004
50.382545	-4.100004
50.415888	-3.700004
50.449232	-3.700003
50.482576	-3.700003
50.515920	-3.700003
50.549264	-3.700003
50.582608	-3.700003
50.615951	-3.700003
50.649295	-3.700003
50.682639	-3.700003
50.715983	-3.700003
50.749327	-3.700003
50.782671	-3.700003
50.816015	-3.800003
50.849358	-3.200003
50.882702	-4.100003
50.916046	-4.100003
50.949390	-4.100003
50.982734	-4.100003
51.016078	-4.100003
51.049421	-3.700003
51.082765	-3.700003
51.116109	-3.700003
51.149453	-3.700003
51.182797	-3.700003
51.216141	-3.700003
51.249484	-3.700003
51.282828	-3.700003
51.316172	-3.800003
51.349516	-3.400003
51.382860	-3.400003
51.416204	-3.400003
51.449548	-3.200003
51.482891	-4.000003
51.516235	-4.000003
51.549579	-4.100003
51.582923	-4.100003
51.616267	-4.100003
51.649611	-3.700003
51.682954	-3.700003
51.716298	-3.700003
51.749642	-3.700003
51.782986	-3.700003
51.816330	-3.700003
51.849674	-3.700003
51.883017	-3.800003
51.916361	-3.700002
51.949705	-3.700002
51.983049	-3.800002
52.016393	-3.800002
52.049737	-3.800002
52.083080	-3.800002
52.116424	-3.800002
52.149768	-3.500002
52.183112	-3.500002
52.216456	-3.500002
52.249800	-3.400002
52.283144	-3.400002
52.316487	-3.400002
52.349831	-3.400002
52.383175	-3.400002
52.416519	-3.400002
52.449863	-3.400002
52.483207	-3.400002
52.516550	-3.400002
52.549894	-3.400002
52.583238	-3.400002
52.616582	-3.400002
52.649926	-3.400002
52.683270	-3.400002
52.716613	-3.400002
52.749957	-3.000002
52.783301	-3.800002
52.816645	-3.800002
52.849989	-3.700002
52.883333	-3.800002
52.916677	-3.800002
52.950020	-3.800002
52.983364	-3.800002
53.016708	-3.800002
53.050052	-3.400002
53.083396	-3.400001
53.116740	-3.400001
53.150083	-3.400001
53.183427	-3.400001
53.216771	-3.400001
53.250115	-3.400001
53.283459	-5.800001
53.316803	-3.400001
53.350146	-3.400001
53.383490	-3.400001
53.416834	-3.400001
53.450178	-3.400001
53.483522	-3.400001
53.516866	-3.400001
53.550210	-3.400001
53.583553	-3.400001
53.616897	-3.400001
53.650241	-3.400001
53.683585	-3.400001
53.716929	-3.400001
53.750273	-3.400001
53.783616	-3.400001
53.816960	-3.400001
53.850304	-3.400001
53.883648	-3.400001
53.916992	-3.400001
53.950336	-3.400001
53.983679	-3.400001
54.017023	-3.300001
54.050367	-3.400001
54.083711	-3.400001
54.117055	-3.400001
54.150399	-3.400001
54.183743	-3.400001
54.217086	-3.400001
54.250430	-3.400001
54.283774	-3.400001
54.317118	-3.400001
54.350462	-3.400001
54.383806	-3.400001
54.417149	-3.400001
54.450493	-3.400001
54.483837	-3.400001
54.517181	-3.400001
54.550525	-3.400001
54.583869	-3.400001
54.617212	-3.400001
54.650556	-3.400001
54.683900	-3.400001
54.717244	-3.400001
54.750588	-3.400001
54.783932	-3.400001
54.817276	-3.400001
54.850619	-3.400001
54.883963	-3.400001
54.917307	-3.400001
54.950651	-3.400001
54.983995	-3.400001
55.017339	-3.400001
55.050682	-3.400001
55.084026	-3.400001
55.117370	-3.400001
55.150714	-3.400001
55.184058	-3.400001
55.217402	-3.400001
55.250745	-3.400001
55.284089	-3.400001
55.317433	-3.400001
55.350777	-3.400001
55.384121	-3.400001
55.417465	-3.400001
55.450808	-2.600001
55.484152	-3.700001
55.517496	-3.800001
55.550840	-3.700001
55.584184	-3.700001
55.617528	-3.700001
55.650872	-3.800001
55.684215	-3.700001
55.717559	-3.800000
55.750903	-3.800000
55.784247	-3.800000
55.817591	-3.800000
55.850935	-3.400000
55.884278	-3.800000
55.917622	-6.200000
55.950966	-3.400001
55.984310	-3.400001
56.017654	-3.400001
56.050998	-3.400001
56.084341	-3.400001
56.117685	-3.400001
56.151029	-3.400001
56.184373	-3.400001
56.217717	-3.400001
56.251061	-3.400001
56.284405	-3.400001
56.317748	-3.400001
56.351092	-3.400001
56.384436	-3.400001
56.417780	-3.400001
56.451124	-2.600001
56.484468	-3.700001
56.517811	-3.700000
56.551155	-3.700000
56.584499	-3.700000
56.617843	-3.700000
56.651187	-3.700000
56.684531	-3.700000
56.717874	-3.700000
56.751218	-3.700000
56.784562	-3.400000
56.817906	-3.700001
56.851250	-3.700000
56.884594	-3.700000
56.917938	-3.700000
56.951281	-3.400000
56.984625	-3.800001
57.017969	-3.400001
57.051313	-3.400001
57.084657	-3.400001
57.118001	-3.400001
57.151344	-3.400001
57.184688	-3.400001
57.218032	-5.600001
57.251376	-3.400000
57.284720	-3.400000
57.318064	-3.400000
57.351407	-3.400000
57.384751	-3.400000
57.418095	-3.400000
57.451439	-3.400000
57.484783	-3.400000
57.518127	-3.400000
57.551471	-3.400000
57.584814	-3.400000
57.618158	-3.400000
57.651502	-3.400000
57.684846	-3.400000
57.718190	-3.400000
57.751534	-3.400000
57.784877	-3.400000
57.818221	-3.400000
57.851565	-3.400000
57.884909	-3.400000
57.918253	-3.400000
57.951597	-3.400000
57.984940	-3.400000
58.018284	-3.400000
58.051628	-3.400000
58.084972	-3.400000
58.118316	-3.400000
58.151660	-3.400000
58.185004	-3.400000
58.218347	-3.400000
58.251691	-3.400000
58.285035	-3.400000
58.318379	-3.400000
58.351723	-3.400000
58.385067	-2.600000
58.418410	-3.800000
58.451754	-3.800000
58.485098	-3.700000
58.518442	-3.800000
58.551786	-3.800000
58.585130	-3.800000
58.618473	-3.800000
58.651817	-3.800000
58.685161	-3.800000
58.718505	-3.800000
58.751849	-3.700000
58.785193	-3.800000
58.818536	-3.799999
58.851880	-3.799999
58.885224	-3.799999
58.918568	-3.699999
58.951912	-3.799999
58.985256	-6.199999
59.018600	-4.199999
59.051943	-3.299999
59.085287	-3.399999
59.118631	-3.400000
59.151975	-3.400000
59.185319	-3.400000
59.218663	-3.400000
59.252006	-3.400000
59.285350	-3.400000
59.318694	-3.400000
59.352038	-3.400000
59.385382	-3.400000
59.418726	-3.400000
59.452069	-3.400000
59.485413	-3.400000
59.518757	-3.400000
59.552101	-3.400000
59.585445	-3.300000
59.618789	-3.400000
59.652133	-3.400000
59.685476	-3.400000
59.718820	-3.400000
59.752164	-3.400000
59.785508	-3.400000
59.818852	-3.400000
59.852196	-3.400000
59.885539	-3.400000
59.918883	-3.400000
59.952227	-3.400000
59.985571	-3.400000
60.018915	-3.400000
60.052259	-3.400000
60.085602	-3.400000
60.118946	-3.400000
60.152290	-3.400000
60.185634	-3.400000
60.218978	-3.400000
60.252322	-3.400000
60.285666	-3.300000
60.319009	-3.400000
60.352353	-3.400000
60.385697	-3.400000
60.419041	-3.400000
60.452385	-3.400000
60.485729	-3.400000
60.519072	-3.400000
60.552416	-3.400000
60.585760	-3.400000
60.619104	-3.400000
60.652448	-3.400000
60.685792	-3.400000
60.719135	-3.400000
60.752479	-3.400000
60.785823	-3.400000
60.819167	-3.400000
60.852511	-3.300000
60.885855	-3.400000
60.919199	-3.400000
60.952542	-3.400000
60.985886	-3.400000
61.019230	-3.400000
61.052574	-3.400000
61.085918	-3.400000
61.119262	-3.400000
61.152605	-3.400000
61.185949	-3.400000
61.219293	-3.400000
61.252637	-3.400000
61.285981	-3.400000
61.319325	-3.400000
61.352668	-3.400000
61.386012	-3.400000
61.419356	-3.400000
61.452700	-3.400000
61.486044	-3.400000
61.519388	-3.400000
61.552731	-3.400000
61.586075	-3.400000
61.619419	-3.400000
61.652763	-3.400000
61.686107	-2.600000
61.719451	-3.800000
61.752795	-3.800000
61.786138	-3.800000
61.819482	-6.200000
61.852826	-3.400001
61.886170	-3.400001
61.919514	-3.400001
61.952858	-3.400001
61.986201	-3.400001
62.019545	-3.400001
62.052889	-3.400001
62.086233	-3.400001
62.119577	-3.400001
62.152921	-3.400001
62.186264	-3.400001
62.219608	-3.400001
62.252952	-3.400001
62.286296	-3.400001
62.319640	-3.400001
62.352984	-3.400001
62.386328	-3.400001
62.419671	-2.600001
62.453015	-4.000001
62.486359	-3.700001
62.519703	-4.100000
62.553047	-3.700001
62.586391	-3.700001
62.619734	-3.700001
62.653078	-3.800001
62.686422	-3.700001
62.719766	-3.700000
62.753110	-3.700000
62.786454	-3.700000
62.819797	-3.700000
62.853141	-3.700000
62.886485	-3.800000
62.919829	-6.200000
62.953173	-3.400001
62.986517	-3.400001
63.019861	-3.400001
63.053204	-3.400001
63.086548	-3.400001
63.119892	-3.400001
63.153236	-3.400001
63.186580	-3.400001
63.219924	-3.400001
63.253267	-3.400001
63.286611	-3.400001
63.319955	-3.400001
63.353299	-3.400001
63.386643	-3.400001
63.419987	-3.400001
63.453330	-3.400001
63.486674	-3.400001
63.520018	-3.400001
63.553362	-3.400001
63.586706	-2.600001
63.620050	-3.700001
63.653394	-3.700000
63.686737	-3.800000
63.720081	-3.800000
63.753425	-3.800000
63.786769	-3.700000
63.820113	-3.800000
63.853457	-6.200000
63.886800	-3.400000
63.920144	-3.400000
63.953488	-3.400000
63.986832	-3.400000
64.020176	-3.400000
64.053520	-3.400000
64.086863	-3.400000
64.120207	-3.400000
64.153551	-3.400000
64.186895	-3.400000
64.220239	-3.400000
64.253583	-3.400000
64.286927	-3.400000
64.320270	-3.400000
64.353614	-3.400000
64.386958	-3.400000
64.420302	-3.400000
64.453646	-3.400000
64.486990	-3.400000
64.520333	-3.400000
64.553677	-3.400000
64.587021	-3.400000
64.620365	-3.400000
64.653709	-3.400000
64.687053	-3.400000
64.720396	-3.400000
64.753740	-2.600000
64.787084	-3.700000
64.820428	-3.700000
64.853772	-3.700000
64.887116	-6.200000
64.920459	-3.400000
64.953803	-3.400000
64.987147	-3.400000
65.020491	-3.400000
65.053835	-3.400000
65.087179	-3.400000
65.120523	-3.400000
65.153866	-3.400000
65.187210	-3.400000
65.220554	-3.400000
65.253898	-3.400000
65.287242	-3.400000
65.320586	-3.400000
65.353929	-3.400000
65.387273	-3.400000
65.420617	-3.400000
65.453961	-3.400000
65.487305	-3.400000
65.520649	-3.400000
65.553992	-3.400000
65.587336	-3.400000
65.620680	-3.400000
65.654024	-3.400000
65.687368	-3.400000
65.720712	-3.400000
65.754056	-3.400000
65.787399	-3.400000
65.820743	-3.400000
65.854087	-6.300000
65.887431	-3.400000
65.920775	-3.400000
65.954119	-3.400000
65.987462	-3.400000
66.020806	-3.400000
66.054150	-3.400000
66.087494	-3.400000
66.120838	-3.400000
66.154182	-3.400000
66.187525	-3.400000
66.220869	-3.400000
66.254213	-3.400000
66.287557	-3.400000
66.320901	-5.800000
66.354245	-4.300000
66.387589	-5.800000
66.420932	-3.399999
66.454276	-3.399999
66.487620	-3.399999
66.520964	-3.399999
66.554308	-3.399999
66.587652	-3.399999
66.620995	-3.399999
66.654339	-3.399999
66.687683	-3.399999
66.721027	-3.399999
66.754371	-3.399999
66.787715	-3.399999
66.821058	-3.399999
66.854402	-3.399999
66.887746	-3.399999
66.921090	-3.399999
66.954434	-3.399999
66.987778	-3.399999
67.021122	-3.399999
67.054465	-3.399999
67.087809	-3.399999
67.121153	-3.399999
67.154497	-3.399999
67.187841	-3.399999
67.221185	-3.399999
67.254528	-3.399999
67.287872	-3.399999
67.321216	-3.399999
67.354560	-6.199999
67.387904	-3.400000
67.421248	-3.400000
67.454591	-3.400000
67.487935	-3.400000
67.521279	-3.400000
67.554623	-3.400000
67.587967	-3.400000
67.621311	-3.400000
67.654655	-3.400000
67.687998	-5.800000
67.721342	-4.300000
67.754686	-5.800000
67.788030	-3.399999
67.821374	-3.399999
67.854718	-3.399999
67.888061	-3.399999
67.921405	-3.399999
67.954749	-3.399999
67.988093	-3.399999
68.021437	-3.399999
68.054781	-3.399999
68.088124	-3.399999
68.121468	-3.399999
68.154812	-3.399999
68.188156	-6.299999
68.221500	-3.399999
68.254844	-3.399999
68.288187	-3.399999
68.321531	-3.399999
68.354875	-4.099999
68.388219	-3.399999
68.421563	-3.999999
68.454907	-4.099999
68.488251	-3.999999
68.521594	-4.099999
68.554938	-4.099999
68.588282	-4.099999
68.621626	-4.099999
68.654970	-4.099999
68.688314	-4.099999
68.721657	-3.399999
68.755001	-3.399999
68.788345	-3.399999
68.821689	-3.399999
68.855033	-3.399999
68.888377	-5.899999
68.921720	-3.999999
68.955064	-3.999999
68.988408	-3.999999
69.021752	-3.999999
69.055096	-4.199999
69.088440	-5.799999
69.121784	-3.999999
69.155127	-4.999999
69.188471	-5.399999
69.221815	-5.799999
69.255159	-3.399999
69.288503	-3.399999
69.321847	-3.399999
69.355190	-3.399999
69.388534	-3.399999
69.421878	-3.399999
69.455222	-3.399999
69.488566	-3.399999
69.521910	-3.399999
69.555253	-3.399999
69.588597	-5.699999
69.621941	-4.299999
69.655285	-5.799999
69.688629	-3.999999
69.721973	-3.999998
69.755317	-3.999998
69.788660	-3.999998
69.822004	-6.299998
69.855348	-4.099998
69.888692	-4.099998
69.922036	-4.099998
69.955380	-4.099998
69.988723	-4.099998
70.022067	-4.099998
70.055411	-3.399998
70.088755	-3.399998
70.122099	-3.399998
70.155443	-3.399998
70.188786	-3.999998
70.222130	-4.099998
70.255474	-3.399998
70.288818	-4.099998
70.322162	-3.399998
70.355506	-3.399998
70.388850	-3.399998
70.422193	-3.399998
70.455537	-3.399998
70.488881	-3.399998
70.522225	-3.399998
70.555569	-3.399998
70.588913	-3.399998
70.622256	-3.399998
70.655600	-3.399998
70.688944	-5.699998
70.722288	-4.399998
70.755632	-5.599999
70.788976	-3.399999
70.822319	-3.399999
70.855663	-3.399999
70.889007	-3.399999
70.922351	-3.399999
70.955695	-3.399999
70.989039	-3.399999
71.022382	-3.399999
71.055726	-3.399999
71.089070	-3.399999
71.122414	-3.399999
71.155758	-3.399999
71.189102	-3.399999
71.222446	-3.399999
71.255789	-3.399999
71.289133	-3.399999
71.322477	-3.399999
71.355821	-3.399999
71.389165	-3.399999
71.422509	-3.399999
71.455852	-3.399999
71.489196	-3.399999
71.522540	-3.399999
71.555884	-3.399999
71.589228	-3.399999
71.622572	-3.399999
71.655915	-3.399999
71.689259	-5.699999
71.722603	-3.999999
71.755947	-3.999998
71.789291	-3.999998
71.822635	-3.999998
71.855979	-3.999998
71.889322	-3.999998
71.922666	-3.999998
71.956010	-3.999998
71.989354	-3.999998
72.022698	-3.999998
72.056042	-3.999998
72.089385	-3.999998
72.122729	-3.999998
72.156073	-4.199998
72.189417	-5.799999
72.222761	-3.999998
72.256105	-4.199998
72.289448	-3.399998
72.322792	-3.399998
72.356136	-3.399998
72.389480	-3.399998
72.422824	-3.399998
72.456168	-3.399998
72.489512	-3.399998
72.522855	-6.299998
72.556199	-4.099998
72.589543	-4.099998
72.622887	-4.099998
72.656231	-4.099998
72.689575	-4.099998
72.722918	-4.099998
72.756262	-4.099998
72.789606	-3.399998
72.822950	-3.399998
72.856294	-3.399998
72.889638	-3.399998
72.922981	-3.399998
72.956325	-3.399998
72.989669	-6.299998
73.023013	-3.999998
73.056357	-3.999998
73.089701	-4.199998
73.123045	-5.899998
73.156388	-3.999998
73.189732	-4.199998
73.223076	-6.299998
73.256420	-3.999998
73.289764	-4.099998
73.323108	-4.099998
73.356451	-3.399998
73.389795	-3.399998
73.423139	-3.399998
73.456483	-3.399998
73.489827	-3.399998
73.523171	-3.399998
73.556514	-3.399998
73.589858	-3.399998
73.623202	-3.399998
73.656546	-3.399998
73.689890	-3.399998
73.723234	-3.399998
73.756578	-3.399998
73.789921	-3.399998
73.823265	-3.399998
73.856609	-3.399998
73.889953	-3.399998
73.923297	-3.399998
73.956641	-3.399998
73.989984	-3.399998
74.023328	-3.399998
74.056672	-3.399998
74.090016	-3.399998
74.123360	-3.399998
74.156704	-3.399998
74.190047	-3.399998
74.223391	-3.399998
74.256735	-3.399998
74.290079	-3.399998
74.323423	-3.399998
74.356767	-3.399998
74.390110	-5.899998
74.423454	-3.999998
74.456798	-5.899998
74.490142	-4.999998
74.523486	-5.399998
74.556830	-5.799998
74.590174	-3.399998
74.623517	-3.399998
74.656861	-3.399998
74.690205	-3.399998
74.723549	-3.399998
74.756893	-3.399998
74.790237	-3.399998
74.823580	-3.399998
74.856924	-3.399998
74.890268	-3.399998
74.923612	-3.399998
74.956956	-3.399998
74.990300	-3.399998
75.023643	-3.399998
75.056987	-3.399998
75.090331	-3.399998
75.123675	-3.399998
75.157019	-3.399998
75.190363	-3.399998
75.223707	-3.399998
75.257050	-3.399998
75.290394	-5.699998
75.323738	-4.399998
75.357082	-5.399999
75.390426	-4.799999
75.423770	-6.199999
75.457113	-3.399998
75.490457	-3.399998
75.523801	-3.399998
75.557145	-3.399998
75.590489	-3.399998
75.623833	-3.399998
75.657176	-3.399998
75.690520	-3.399998
75.723864	-3.399998
75.757208	-3.399998
75.790552	-3.399998
75.823896	-5.699998
75.857240	-4.999999
75.890583	-5.399999
75.923927	-5.399999
75.957271	-4.799999
75.990615	-6.299999
76.023959	-3.799999
76.057303	-6.299999
76.090646	-4.299998
76.123990	-5.399998
76.157334	-4.799998
76.190678	-5.699998
76.224022	-3.999998
76.257366	-4.399998
76.290709	-4.999998
76.324053	-5.799998
76.357397	-4.099998
76.390741	-4.099998
76.424085	-3.999998
76.457429	-3.999998
76.490773	-4.099998
76.524116	-3.999998
76.557460	-4.099998
76.590804	-4.099998
76.624148	-4.099998
76.657492	-4.099998
76.690836	-4.099998
76.724179	-4.099998
76.757523	-4.099998
76.790867	-4.099998
76.824211	-4.099998
76.857555	-3.399998
76.890899	-3.399998
76.924242	-4.099998
76.957586	-3.399998
76.990930	-3.399998
77.024274	-3.399998
77.057618	-3.399998
77.090962	-3.399998
77.124306	-3.399998
77.157649	-3.399998
77.190993	-3.399998
77.224337	-3.399998
77.257681	-3.399998
77.291025	-3.399998
77.324369	-3.399998
77.357712	-3.399998
77.391056	-3.399998
77.424400	-3.399998
77.457744	-3.399998
77.491088	-3.399998
77.524432	-3.399998
77.557775	-3.399998
77.591119	-3.399998
77.624463	-5.899998
77.657807	-3.999998
77.691151	-4.199998
77.724495	-5.899998
77.757838	-4.199998
77.791182	-6.299999
77.824526	-3.999999
77.857870	-4.099998
77.891214	-4.099999
77.924558	-4.099999
77.957902	-4.099999
77.991245	-4.099999
78.024589	-4.099999
78.057933	-4.099999
78.091277	-4.099999
78.124621	-4.099999
78.157965	-4.099999
78.191308	-6.299999
78.224652	-4.799999
78.257996	-5.399999
78.291340	-5.799999
78.324684	-4.099999
78.358028	-6.299999
78.391371	-4.799999
78.424715	-5.399999
78.458059	-5.799999
78.491403	-4.099999
78.524747	-6.299999
78.558091	-4.799999
78.591435	-4.800000
78.624778	-3.400000
78.658122	-5.900000
78.691466	-4.000000
78.724810	-6.300000
78.758154	-4.999999
78.791498	-5.400000
78.824841	-5.800000
78.858185	-4.100000
78.891529	-4.100000
78.924873	-4.000000
78.958217	-4.100000
78.991561	-3.400000
79.024904	-4.000000
79.058248	-6.300000
79.091592	-4.799999
79.124936	-5.400000
79.158280	-5.800000
79.191624	-4.100000
79.224968	-6.300000
79.258311	-4.800000
79.291655	-5.400000
79.324999	-5.800000
79.358343	-4.100000
79.391687	-3.400000
79.425031	-6.300000
79.458374	-4.800000
79.491718	-5.400000
79.525062	-5.800000
79.558406	-4.100000
79.591750	-6.300001
79.625094	-4.500001
79.658437	-5.400001
79.691781	-5.800001
79.725125	-6.300001
79.758469	-4.500001
79.791813	-5.400001
79.825157	-5.800001
79.858501	-6.300001
79.891844	-4.800001
79.925188	-5.400001
79.958532	-5.800001
79.991876	-3.400001
80.025220	-3.400001
80.058564	-3.400001
80.091907	-3.400001
80.125251	-3.400001
80.158595	-3.400001
80.191939	-3.400001
80.225283	-3.400001
80.258627	-3.400001
80.291970	-3.400001
80.325314	-3.400001
80.358658	-3.400001
80.392002	-3.400001
80.425346	-3.400001
80.458690	-3.400001
80.492033	-3.400001
80.525377	-3.400001
80.558721	-3.400001
80.592065	-3.400001
80.625409	-4.100001
80.658753	-3.400001
80.692097	-3.400001
80.725440	-6.300001
80.758784	-4.500001
80.792128	-5.400001
80.825472	-5.800001
80.858816	-6.300001
80.892160	-4.500001
80.925503	-5.400001
80.958847	-5.800001
80.992191	-4.100001
81.025535	-4.100001
81.058879	-4.100001
81.092223	-4.100001
81.125566	-4.100001
81.158910	-4.100001
81.192254	-4.100001
81.225598	-6.300001
81.258942	-4.800001
81.292286	-5.400001
81.325630	-5.800001
81.358973	-6.300001
81.392317	-4.800001
81.425661	-5.400001
81.459005	-5.800001
81.492349	-4.100001
81.525693	-4.100002
81.559036	-6.300002
81.592380	-4.800002
81.625724	-5.400002
81.659068	-5.800002
81.692412	-4.100002
81.725756	-3.400002
81.759099	-3.400002
81.792443	-3.400002
81.825787	-3.400002
81.859131	-6.300002
81.892475	-4.800002
81.925819	-5.400002
81.959163	-5.800002
81.992506	-6.300002
82.025850	-4.800002
82.059194	-4.800003
82.092538	-3.400003
82.125882	-3.400003
82.159226	-3.400003
82.192569	-3.400003
82.225913	-3.400003
82.259257	-3.400003
82.292601	-3.400003
82.325945	-3.400003
82.359289	-3.400003
82.392632	-3.400003
82.425976	-3.400003
82.459320	-3.400003
82.492664	-3.400003
82.526008	-3.400003
82.559352	-3.400003
82.592696	-3.400003
82.626039	-5.900003
82.659383	-6.300003
82.692727	-4.800002
82.726071	-5.800003
82.759415	-6.300003
82.792759	-4.800003
82.826102	-5.400003
82.859446	-5.800003
82.892790	-4.100003
82.926134	-4.100003
82.959478	-6.300003
82.992822	-4.800003
83.026165	-4.800003
83.059509	-3.400003
83.092853	-3.400003
83.126197	-3.400003
83.159541	-3.400003
83.192885	-3.400003
83.226229	-3.400003
83.259572	-3.400003
83.292916	-3.400003
83.326260	-3.400003
83.359604	-3.400003
83.392948	-3.400003
83.426292	-3.400003
83.459635	-3.400003
83.492979	-3.400003
83.526323	-3.400003
83.559667	-3.400003
83.593011	-6.600003
83.626355	-6.300003
83.659698	-4.800003
83.693042	-5.800003
83.726386	-6.300003
83.759730	-4.800003
83.793074	-5.400003
83.826418	-5.800003
83.859761	-6.300004
83.893105	-4.500004
83.926449	-4.800004
83.959793	-3.400004
83.993137	-3.400004
84.026481	-3.400004
84.059825	-3.400004
84.093168	-3.400004
84.126512	-3.400004
84.159856	-5.900004
84.193200	-6.300004
84.226544	-4.800004
84.259888	-5.800004
84.293231	-6.300004
84.326575	-4.500004
84.359919	-5.400004
84.393263	-5.800004
84.426607	-3.400004
84.459951	-3.400004
84.493294	-3.400004
84.526638	-3.400004
84.559982	-3.400004
84.593326	-3.400004
84.626670	-3.400004
84.660014	-3.400004
84.693358	-3.400004
84.726701	-3.400004
84.760045	-3.400004
84.793389	-3.400004
84.826733	-3.400004
84.860077	-3.400004
84.893421	-3.400004
84.926764	-3.400004
84.960108	-3.400004
84.993452	-3.400004
85.026796	-3.400004
85.060140	-3.400004
85.093484	-3.400004
85.126827	-3.400004
85.160171	-3.400004
85.193515	-6.200004
85.226859	-6.300004
85.260203	-5.000004
85.293547	-5.400004
85.326891	-5.800004
85.360234	-3.400004
85.393578	-3.400004
85.426922	-3.400004
85.460266	-3.400004
85.493610	-3.400004
85.526954	-3.400004
85.560297	-3.400004
85.593641	-3.400004
85.626985	-3.400004
85.660329	-3.400004
85.693673	-6.300004
85.727017	-4.500004
85.760360	-5.400004
85.793704	-5.800004
85.827048	-3.400005
85.860392	-3.400005
85.893736	-3.400005
85.927080	-3.400005
85.960424	-6.300005
85.993767	-4.500005
86.027111	-4.800005
86.060455	-5.700005
86.093799	-4.400005
86.127143	-5.400005
86.160487	-4.800005
86.193830	-6.600005
86.227174	-3.400005
86.260518	-3.400005
86.293862	-3.400005
86.327206	-3.400005
86.360550	-3.400005
86.393893	-6.200005
86.427237	-4.200005
86.460581	-6.300005
86.493925	-6.300006
86.527269	-4.500006
86.560613	-4.800006
86.593957	-3.400006
86.627300	-3.400006
86.660644	-3.400006
86.693988	-3.400006
86.727332	-5.700006
86.760676	-6.300006
86.794020	-5.400006
86.827363	-5.000006
86.860707	-5.800006
86.894051	-4.100006
86.927395	-6.300006
86.960739	-4.800007
86.994083	-5.400007
87.027426	-5.800007
87.060770	-3.400007
87.094114	-3.400007
87.127458	-3.400007
87.160802	-3.400007
87.194146	-3.400007
87.227489	-3.400007
87.260833	-3.400007
87.294177	-3.400007
87.327521	-3.400007
87.360865	-3.400007
87.394209	-3.400007
87.427553	-3.400007
87.460896	-3.400007
87.494240	-3.400007
87.527584	-3.400007
87.560928	-3.400007
87.594272	-3.400007
87.627616	-3.400007
87.660959	-3.400007
87.694303	-3.400007
87.727647	-3.400007
87.760991	-3.400007
87.794335	-6.200007
87.827679	-6.300007
87.861022	-4.400007
87.894366	-5.800007
87.927710	-6.300008
87.961054	-4.500008
87.994398	-5.400008
88.027742	-5.800008
88.061086	-6.300008
88.094429	-4.500009
88.127773	-5.400009
88.161117	-5.800009
88.194461	-3.400009
88.227805	-3.400009
88.261149	-3.400009
88.294492	-6.300009
88.327836	-4.100009
88.361180	-4.100009
88.394524	-4.100009
88.427868	-4.100009
88.461212	-4.100009
88.494555	-4.100009
88.527899	-4.000009
88.561243	-4.100009
88.594587	-4.100009
88.627931	-4.000009
88.661275	-4.100009
88.694619	-6.300009
88.727962	-5.000009
88.761306	-5.400009
88.794650	-5.800009
88.827994	-6.300009
88.861338	-4.500009
88.894682	-5.400009
88.928025	-5.800009
88.961369	-3.400009
88.994713	-6.300009
89.028057	-4.500010
89.061401	-5.400010
89.094745	-5.800010
89.128088	-6.300010
89.161432	-4.500010
89.194776	-5.400010
89.228120	-5.800010
89.261464	-6.300010
89.294808	-4.100010
89.328152	-4.100010
89.361495	-4.100010
89.394839	-4.100010
89.428183	-4.100010
89.461527	-4.100010
89.494871	-4.100010
89.528215	-4.100010
89.561558	-4.100010
89.594902	-4.100010
89.628246	-4.000010
89.661590	-4.100010
89.694934	-3.400010
89.728278	-4.100010
89.761621	-3.400010
89.794965	-3.400010
89.828309	-3.400010
89.861653	-6.300010
89.894997	-4.800010
89.928341	-5.800010
89.961684	-6.300010
89.995028	-4.500010
90.028372	-5.000010
90.061716	-5.800010
90.095060	-4.500010
90.128404	-5.800010
90.161748	-3.400010
90.195091	-3.400010
90.228435	-3.400010
90.261779	-3.400010
90.295123	-3.400010
90.328467	-3.400010
90.361811	-3.400010
90.395154	-3.400010
90.428498	-3.400010
90.461842	-6.300010
90.495186	-4.000010
90.528530	-4.000011
90.561874	-6.300011
90.595217	-5.000011
90.628561	-5.400011
90.661905	-5.800011
90.695249	-3.400011
90.728593	-3.400011
90.761937	-3.400011
90.795281	-3.400011
90.828624	-3.400011
90.861968	-6.300011
90.895312	-4.500011
90.928656	-5.400011
90.962000	-5.800011
90.995344	-3.400011
91.028687	-3.400011
91.062031	-3.400011
91.095375	-3.400011
91.128719	-3.400011
91.162063	-3.400011
91.195407	-6.300011
91.228750	-4.500011
91.262094	-5.000011
91.295438	-5.800011
91.328782	-6.600011
91.362126	-5.000012
91.395470	-5.800012
91.428814	-4.000012
91.462157	-6.300012
91.495501	-5.000012
91.528845	-5.800012
91.562189	-4.100012
91.595533	-6.600012
91.628877	-5.000012
91.662220	-5.800013
91.695564	-6.300013
91.728908	-5.400013
91.762252	-5.000012
91.795596	-5.800013
91.828940	-6.600013
91.862283	-5.000013
91.895627	-5.700013
91.928971	-6.300013
91.962315	-5.000013
91.995659	-5.800013
92.029003	-6.300014
92.062347	-4.800013
92.095690	-5.800013
92.129034	-6.300013
92.162378	-4.400013
92.195722	-5.400013
92.229066	-5.800013
92.262410	-6.300013
92.295753	-4.800013
92.329097	-5.800012
92.362441	-6.300012
92.395785	-6.600012
92.429129	-5.000012
92.462473	-5.800012
92.495816	-6.600012
92.529160	-5.000012
92.562504	-5.800013
92.595848	-6.600013
92.629192	-5.000013
92.662536	-5.800013
92.695880	-6.600013
92.729223	-5.000013
92.762567	-5.800013
92.795911	-6.600014
92.829255	-5.000014
92.862599	-5.800014
92.895943	-3.400014
92.929286	-3.400014
92.962630	-6.600014
92.995974	-5.000014
93.029318	-5.800014
93.062662	-3.400014
93.096006	-6.600014
93.129349	-5.000015
93.162693	-5.800015
93.196037	-3.400015
93.229381	-3.400015
93.262725	-3.400015
93.296069	-3.400015
93.329412	-3.400015
93.362756	-3.400015
93.396100	-3.400015
93.429444	-6.300015
93.462788	-5.000015
93.496132	-5.800015
93.529476	-3.400015
93.562819	-3.400015
93.596163	-6.300015
93.629507	-5.000016
93.662851	-5.800016
93.696195	-3.400016
93.729539	-3.400016
93.762882	-6.600016
93.796226	-5.000016
93.829570	-5.800016
93.862914	-6.600016
93.896258	-5.000016
93.929602	-5.800016
93.962945	-6.600016
93.996289	-5.000017
94.029633	-5.800017
94.062977	-6.600017
94.096321	-5.000017
94.129665	-5.800017
94.163009	-6.600017
94.196352	-5.000017
94.229696	-5.800018
94.263040	-6.300018
94.296384	-4.900018
94.329728	-6.200018
94.363072	-5.800018
94.396415	-5.000018
94.429759	-5.400018
94.463103	-5.800017
94.496447	-6.300017
94.529791	-4.900017
94.563135	-6.200017
94.596478	-5.800018
94.629822	-5.000017
94.663166	-4.800017
94.696510	-6.600017
94.729854	-6.300017
94.763198	-5.000017
94.796542	-5.400017
94.829885	-5.800017
94.863229	-3.400017
94.896573	-3.400017
94.929917	-3.400017
94.963261	-3.400017
94.996605	-3.400017
95.029948	-3.400017
95.063292	-6.300017
95.096636	-4.800017
95.129980	-5.400017
95.163324	-5.800017
95.196668	-3.400016
95.230011	-3.400017
95.263355	-3.400017
95.296699	-3.400017
95.330043	-3.400017
95.363387	-3.400017
95.396731	-6.300017
95.430075	-4.500016
95.463418	-5.000016
95.496762	-5.800016
95.530106	-4.100016
95.563450	-4.100016
95.596794	-6.300016
95.630138	-5.000016
95.663481	-5.800016
95.696825	-6.300016
95.730169	-5.000016
95.763513	-5.800016
95.796857	-6.300016
95.830201	-5.000016
95.863544	-5.800016
95.896888	-6.300016
95.930232	-5.000016
95.963576	-5.800016
95.996920	-6.300016
96.030264	-5.000016
96.063608	-5.800016
96.096951	-6.300016
96.130295	-5.000016
96.163639	-5.800016
96.196983	-6.300016
96.230327	-5.000016
96.263671	-5.800016
96.297014	-6.300016
96.330358	-4.800016
96.363702	-5.800016
96.397046	-6.300016
96.430390	-4.800016
96.463734	-5.800016
96.497077	-6.300016
96.530421	-4.800016
96.563765	-5.800015
96.597109	-6.300015
96.630453	-4.500015
96.663797	-5.800015
96.697140	-5.900015
96.730484	-4.400015
96.763828	-5.800015
96.797172	-6.300015
96.830516	-4.500015
96.863860	-5.000015
96.897204	-5.800015
96.930547	-6.600015
96.963891	-5.800015
96.997235	-3.400015
97.030579	-5.900015
97.063923	-4.400015
97.097267	-5.000015
97.130610	-5.800015
97.163954	-6.300015
97.197298	-5.000015
97.230642	-5.800015
97.263986	-4.100015
97.297330	-4.100015
97.330673	-4.100015
97.364017	-6.300015
97.397361	-5.000015
97.430705	-5.800015
97.464049	-6.300015
97.497393	-5.000015
97.530737	-5.800015
97.564080	-6.300015
97.597424	-5.000015
97.630768	-5.800015
97.664112	-6.300015
97.697456	-5.000015
97.730800	-5.800015
97.764143	-4.100015
97.797487	-6.300015
97.830831	-5.000015
97.864175	-5.800015
97.897519	-6.300015
97.930863	-5.000015
97.964206	-5.800015
97.997550	-3.400015
98.030894	-3.400015
98.064238	-3.400015
98.097582	-3.400015
98.130926	-3.400015
98.164270	-3.400015
98.197613	-3.400015
98.230957	-3.400015
98.264301	-6.300015
98.297645	-4.800016
98.330989	-5.800015
98.364333	-6.300015
98.397676	-5.000015
98.431020	-5.800015
98.464364	-6.300015
98.497708	-5.000015
98.531052	-5.800015
98.564396	-6.300015
98.597739	-5.000015
98.631083	-5.800015
98.664427	-6.300015
98.697771	-4.000015
98.731115	-4.000015
98.764459	-4.500015
98.797803	-5.000015
98.831146	-5.800015
98.864490	-6.300015
98.897834	-5.000015
98.931178	-5.800015
98.964522	-6.300015
98.997866	-5.000015
99.031209	-5.800015
99.064553	-6.300015
99.097897	-5.000015
99.131241	-5.800015
99.164585	-6.300015
99.197929	-5.000015
99.231272	-5.800015
99.264616	-3.400015
99.297960	-3.400015
99.331304	-3.400015
99.364648	-3.400015
99.397992	-3.400015
99.431335	-3.400015
99.464679	-3.400015
99.498023	-3.400015
99.531367	-6.300015
99.564711	-4.800016
99.598055	-5.700015
99.631399	-6.300015
99.664742	-5.000016
99.698086	-5.700016
99.731430	-6.300016
99.764774	-5.000016
99.798118	-5.700016
99.831462	-6.300016
99.864805	-5.000016
99.898149	-5.000016
99.931493	-5.800016
99.964837	-4.500016
99.998181	-5.800016
100.031525	-6.300016
100.064868	-4.300016
100.098212	-5.800016
100.131556	-6.300016
100.164900	-6.600016
100.198244	-5.000016
100.231588	-5.800016
100.264932	-4.500016
100.298275	-5.800016
100.331619	-6.300016
100.364963	-4.400016
100.398307	-5.800016
100.431651	-6.300016
100.464995	-4.100016
100.498338	-4.100016
100.531682	-6.300016
100.565026	-5.000016
100.598370	-5.800016
100.631714	-4.100016
100.665058	-4.100016
100.698401	-4.100016
100.731745	-4.100016
100.765089	-3.400016
100.798433	-6.300016
100.831777	-5.000016
100.865121	-5.800016
100.898465	-6.300016
100.931808	-4.400016
100.965152	-5.800016
100.998496	-6.300016
101.031840	-4.500016
101.065184	-5.800016
101.098528	-6.300016
101.131871	-4.400016
101.165215	-5.000016
101.198559	-5.700016
101.231903	-6.300016
101.265247	-5.000016
101.298591	-5.700016
101.331934	-6.300016
101.365278	-5.000016
101.398622	-5.400016
101.431966	-5.800016
101.465310	-6.300016
101.498654	-4.500016
101.531998	-5.000016
101.565341	-5.800016
101.598685	-6.600016
101.632029	-5.000016
101.665373	-5.800016
101.698717	-6.600016
101.732061	-5.000017
101.765404	-5.800017
101.798748	-4.100017
101.832092	-6.600017
101.865436	-5.000017
101.898780	-5.800017
101.932124	-6.600017
101.965467	-4.400017
101.998811	-5.700017
102.032155	-6.300017
102.065499	-6.600017
102.098843	-5.000017
102.132187	-5.800017
102.165531	-6.600017
102.198874	-5.000017
102.232218	-5.800018
102.265562	-6.600018
102.298906	-5.000018
102.332250	-5.800018
102.365594	-6.600018
102.398937	-5.000018
102.432281	-5.800019
102.465625	-6.600019
102.498969	-5.000019
102.532313	-5.800019
102.565657	-6.300019
102.599000	-4.500019
102.632344	-5.800019
102.665688	-5.900019
102.699032	-4.400019
102.732376	-5.800019
102.765720	-6.300019
102.799063	-6.600019
102.832407	-5.000019
102.865751	-5.800019
102.899095	-6.300019
102.932439	-5.000019
102.965783	-5.800019
102.999127	-6.600019
103.032470	-5.000019
103.065814	-5.800019
103.099158	-6.300019
103.132502	-5.000019
103.165846	-5.800019
103.199190	-6.600019
103.232533	-5.000020
103.265877	-5.800020
103.299221	-6.600020
103.332565	-5.000020
103.365909	-5.800020
103.399253	-5.900020
103.432596	-5.000020
103.465940	-5.800020
103.499284	-6.300020
103.532628	-6.700020
103.565972	-5.800020
103.599316	-6.600019
103.632660	-4.500020
103.666003	-5.000019
103.699347	-5.800019
103.732691	-6.600019
103.766035	-5.000020
103.799379	-5.800020
103.832723	-6.300020
103.866066	-5.000020
103.899410	-5.800020
103.932754	-6.300020
103.966098	-6.700020
103.999442	-5.800020
104.032786	-6.600019
104.066129	-6.300020
104.099473	-5.000020
104.132817	-5.700020
104.166161	-6.300020
104.199505	-5.000019
104.232849	-5.800019
104.266193	-6.300019
104.299536	-5.000019
104.332880	-5.000019
104.366224	-5.800019
104.399568	-6.600019
104.432912	-5.000020
104.466256	-5.800020
104.499599	-4.500020
104.532943	-5.000020
104.566287	-5.800020
104.599631	-6.600020
104.632975	-5.000020
104.666319	-5.800020
104.699662	-6.600020
104.733006	-5.000020
104.766350	-5.800020
104.799694	-6.300020
104.833038	-6.700020
104.866382	-5.000020
104.899726	-5.700020
104.933069	-6.300020
104.966413	-5.000019
104.999757	-5.700019
105.033101	-6.300019
105.066445	-5.000019
105.099789	-5.000019
105.133132	-5.800019
105.166476	-6.700019
105.199820	-5.000019
105.233164	-5.800019
105.266508	-6.600019
105.299852	-5.000020
105.333195	-5.800020
105.366539	-6.600020
105.399883	-5.000020
105.433227	-5.800020
105.466571	-6.300020
105.499915	-5.000020
105.533259	-5.000020
105.566602	-5.800020
105.599946	-6.300020
105.633290	-4.100020
105.666634	-5.000020
105.699978	-5.800020
105.733322	-6.500020
105.766665	-6.300020
105.800009	-4.100020
105.833353	-7.300020
105.866697	-5.000020
105.900041	-5.800020
105.933385	-4.100020
105.966728	-6.300020
106.000072	-6.300020
106.033416	-5.000020
106.066760	-5.800020
106.100104	-5.000020
106.133448	-5.800020
106.166791	-6.300020
106.200135	-6.600020
106.233479	-7.600020
106.266823	-5.800020
106.300167	-6.600020
106.333511	-5.000020
106.366855	-5.800020
106.400198	-6.300020
106.433542	-5.000020
106.466886	-5.800020
106.500230	-6.700020
106.533574	-5.000020
106.566918	-5.800020
106.600261	-6.700020
106.633605	-7.600020
106.666949	-5.700020
106.700293	-6.600020
106.733637	-5.000020
106.766981	-5.800020
106.800324	-6.600020
106.833668	-7.600020
106.867012	-6.500020
106.900356	-6.300020
106.933700	-6.300020
106.967044	-5.000020
107.000388	-5.800020
107.033731	-6.600020
107.067075	-5.000020
107.100419	-5.800020
107.133763	-6.700020
107.167107	-7.600020
107.200451	-5.800021
107.233794	-6.700021
107.267138	-7.600021
107.300482	-5.800021
107.333826	-6.300021
107.367170	-5.000021
107.400514	-5.800021
107.433857	-6.600021
107.467201	-5.000020
107.500545	-5.800020
107.533889	-6.600020
107.567233	-5.000020
107.600577	-5.800020
107.633921	-6.600020
107.667264	-5.000020
107.700608	-5.800020
107.733952	-6.300020
107.767296	-7.600020
107.800640	-5.800021
107.833984	-6.600021
107.867327	-7.600020
107.900671	-5.700021
107.934015	-6.600021
107.967359	-5.000021
108.000703	-5.800021
108.034047	-6.600021
108.067390	-5.000020
108.100734	-5.800020
108.134078	-6.600020
108.167422	-5.000020
108.200766	-5.700020
108.234110	-6.300020
108.267454	-7.600020
108.300797	-5.800020
108.334141	-6.600020
108.367485	-7.600020
108.400829	-5.800020
108.434173	-6.600020
108.467517	-5.800020
108.500860	-5.900019
108.534204	-6.600020
108.567548	-5.000020
108.600892	-5.800020
108.634236	-6.600020
108.667580	-5.000020
108.700923	-5.800020
108.734267	-6.700020
108.767611	-5.000020
108.800955	-5.800020
108.834299	-6.600020
108.867643	-7.600020
108.900986	-5.700020
108.934330	-6.300020
108.967674	-7.600020
109.001018	-5.800020
109.034362	-6.300020
109.067706	-7.600020
109.101050	-5.800020
109.134393	-6.600020
109.167737	-5.000020
109.201081	-5.800020
109.234425	-6.600020
109.267769	-5.000020
109.301113	-5.000020
109.334456	-6.400020
109.367800	-5.900020
109.401144	-6.700020
109.434488	-5.000020
109.467832	-5.800020
109.501176	-6.600020
109.534519	-5.000020
109.567863	-5.700020
109.601207	-6.300020
109.634551	-5.000019
109.667895	-5.800019
109.701239	-6.300019
109.734583	-5.000019
109.767926	-5.000019
109.801270	-6.500019
109.834614	-6.300019
109.867958	-6.700019
109.901302	-5.000019
109.934646	-5.700019
109.967989	-6.700019
110.001333	-5.000019
110.034677	-6.500019
110.068021	-5.800019
110.101365	-7.600019
110.134709	-5.800020
110.168052	-6.300020
110.201396	-5.000020
110.234740	-5.800020
110.268084	-6.600020
110.301428	-5.000020
110.334772	-5.800020
110.368116	-6.300020
110.401459	-5.000020
110.434803	-5.800020
110.468147	-6.300020
110.501491	-5.000020
110.534835	-5.800020
110.568179	-6.300020
110.601522	-6.700020
110.634866	-7.600020
110.668210	-5.800020
110.701554	-6.600020
110.734898	-5.000020
110.768242	-5.800020
110.801585	-6.300020
110.834929	-7.600020
110.868273	-5.800020
110.901617	-6.300020
110.934961	-6.700020
110.968305	-5.800020
111.001649	-6.300019
111.034992	-6.600019
111.068336	-5.000019
111.101680	-5.700019
111.135024	-6.600019
111.168368	-7.600019
111.201712	-5.800019
111.235055	-6.300019
111.268399	-7.600019
111.301743	-5.800019
111.335087	-6.600019
111.368431	-7.300019
111.401775	-7.300019
111.435118	-7.600019
111.468462	-5.000019
111.501806	-6.500019
111.535150	-6.300019
111.568494	-6.700019
111.601838	-5.000019
111.635182	-6.600019
111.668525	-5.800019
111.701869	-5.000019
111.735213	-6.600019
111.768557	-5.800018
111.801901	-5.000018
111.835245	-6.500018
111.868588	-5.800018
111.901932	-7.600018
111.935276	-5.800018
111.968620	-6.600018
112.001964	-7.300018
112.035308	-7.600017
112.068651	-5.800017
112.101995	-6.300017
112.135339	-6.700017
112.168683	-7.600017
112.202027	-6.600016
112.235371	-5.900016
112.268714	-6.600016
112.302058	-7.600016
112.335402	-6.600016
112.368746	-6.500016
112.402090	-6.600016
112.435434	-7.600016
112.468778	-5.800016
112.502121	-6.300016
112.535465	-7.600016
112.568809	-5.000016
112.602153	-5.800016
112.635497	-6.600016
112.668841	-5.000016
112.702184	-5.800016
112.735528	-6.600016
112.768872	-5.000017
112.802216	-5.800017
112.835560	-6.600017
112.868904	-5.000017
112.902247	-5.800017
112.935591	-6.600017
112.968935	-7.300017
113.002279	-7.300017
113.035623	-7.600017
113.068967	-5.000017
113.102311	-6.500017
113.135654	-6.300017
113.168998	-7.100017
113.202342	-6.600016
113.235686	-7.600017
113.269030	-5.800016
113.302374	-6.300016
113.335717	-7.300016
113.369061	-7.600016
113.402405	-5.000015
113.435749	-6.500015
113.469093	-6.300015
113.502437	-7.100015
113.535780	-6.600015
113.569124	-7.600015
113.602468	-5.800015
113.635812	-6.300015
113.669156	-7.500015
113.702500	-7.700015
113.735844	-7.600015
113.769187	-6.500014
113.802531	-6.300015
113.835875	-7.300015
113.869219	-6.600015
113.902563	-7.600015
113.935907	-5.000014
113.969250	-6.500014
114.002594	-6.600014
114.035938	-7.600014
114.069282	-5.800014
114.102626	-6.300014
114.135970	-7.600013
114.169313	-5.000014
114.202657	-6.500013
114.236001	-6.600013
114.269345	-6.700013
114.302689	-4.800013
114.336033	-6.500013
114.369377	-6.300013
114.402720	-7.300013
114.436064	-7.100013
114.469408	-6.600013
114.502752	-7.600013
114.536096	-4.800013
114.569440	-6.300013
114.602783	-6.300013
114.636127	-7.300013
114.669471	-7.700013
114.702815	-4.900013
114.736159	-6.500013
114.769503	-6.300013
114.802846	-6.600013
114.836190	-7.600013
114.869534	-4.800013
114.902878	-6.500013
114.936222	-6.300013
114.969566	-7.600013
115.002910	-5.000013
115.036253	-6.500013
115.069597	-6.600013
115.102941	-7.300013
115.136285	-7.700012
115.169629	-7.600012
115.202973	-6.300012
115.236316	-6.300012
115.269660	-7.300012
115.303004	-7.100012
115.336348	-7.700012
115.369692	-7.600012
115.403036	-6.500012
115.436379	-6.300012
115.469723	-7.100012
115.503067	-6.600012
115.536411	-7.600012
115.569755	-5.000012
115.603099	-6.300012
115.636442	-6.300012
115.669786	-7.300012
115.703130	-7.700012
115.736474	-5.000011
115.769818	-6.500011
115.803162	-6.300012
115.836506	-6.600012
115.869849	-7.600012
115.903193	-6.400012
115.936537	-6.300012
115.969881	-6.300012
116.003225	-7.300012
116.036569	-7.600012
116.069912	-5.800012
116.103256	-6.300012
116.136600	-7.300012
116.169944	-7.300012
116.203288	-7.300012
116.236632	-7.100012
116.269975	-7.300011
116.303319	-7.300012
116.336663	-7.300012
116.370007	-7.100012
116.403351	-7.100011
116.436695	-7.300011
116.470039	-7.300012
116.503382	-7.500012
116.536726	-7.100012
116.570070	-7.300012
116.603414	-7.300012
116.636758	-7.100012
116.670102	-7.100011
116.703445	-7.100011
116.736789	-7.100011
116.770133	-7.100011
116.803477	-7.100011
116.836821	-7.300011
116.870165	-7.300012
116.903508	-7.100012
116.936852	-7.100011
116.970196	-7.300011
117.003540	-7.300012
117.036884	-7.100012
117.070228	-7.300011
117.103572	-7.300012
117.136915	-7.300012
117.170259	-7.300012
117.203603	-7.100012
117.236947	-7.300011
117.270291	-7.300012
117.303635	-7.100012
117.336978	-7.100011
117.370322	-7.600011
117.403666	-5.800011
117.437010	-5.900011
117.470354	-7.300011
117.503698	-7.600011
117.537041	-5.800011
117.570385	-6.600011
117.603729	-7.300011
117.637073	-7.300011
117.670417	-7.600011
117.703761	-5.000011
117.737105	-6.300011
117.770448	-7.100011
117.803792	-7.100011
117.837136	-6.600011
117.870480	-7.300011
117.903824	-7.300011
117.937168	-7.100011
117.970511	-7.600011
118.003855	-5.000010
118.037199	-6.300010
118.070543	-7.100010
118.103887	-6.600010
118.137231	-7.600010
118.170574	-5.000010
118.203918	-6.300010
118.237262	-6.600010
118.270606	-7.600010
118.303950	-6.500010
118.337294	-6.300010
118.370637	-6.600010
118.403981	-7.600011
118.437325	-5.800011
118.470669	-6.300011
118.504013	-7.100011
118.537357	-7.100011
118.570701	-7.500011
118.604044	-7.300011
118.637388	-7.300011
118.670732	-7.500011
118.704076	-7.500011
118.737420	-7.700011
118.770764	-7.300010
118.804107	-7.600011
118.837451	-6.300011
118.870795	-6.300011
118.904139	-7.100011
118.937483	-7.300011
118.970827	-7.600012
119.004170	-5.000012
119.037514	-6.300012
119.070858	-6.300012
119.104202	-6.600012
119.137546	-5.000012
119.170890	-6.300012
119.204234	-6.300012
119.237577	-7.100012
119.270921	-7.100012
119.304265	-7.100012
119.337609	-7.100012
119.370953	-7.100012
119.404297	-7.100012
119.437640	-6.600012
119.470984	-7.600012
119.504328	-5.800012
119.537672	-6.600012
119.571016	-7.600012
119.604360	-5.800012
119.637703	-6.300012
119.671047	-7.300012
119.704391	-7.500012
119.737735	-7.100012
119.771079	-7.100012
119.804423	-7.100012
119.837767	-6.600012
119.871110	-7.300012
119.904454	-7.600012
119.937798	-5.800012
119.971142	-5.900012
120.004486	-7.100012
120.037830	-7.100011
120.071173	-7.300011
120.104517	-7.100012
120.137861	-6.600011
120.171205	-7.600012
120.204549	-5.000012
120.237893	-6.500012
120.271236	-6.300012
120.304580	-7.100012
120.337924	-7.100012
120.371268	-7.100012
120.404612	-7.100012
120.437956	-7.100012
120.471300	-7.100012
120.504643	-7.100012
120.537987	-7.100012
120.571331	-7.100012
120.604675	-7.100012
120.638019	-6.600012
120.671363	-7.100012
120.704706	-7.300012
120.738050	-7.600012
120.771394	-5.800012
120.804738	-6.300012
120.838082	-7.100012
120.871426	-7.300012
120.904769	-7.300012
120.938113	-7.100012
120.971457	-6.600011
121.004801	-5.000012
121.038145	-5.800012
121.071489	-6.300012
121.104833	-5.000012
121.138176	-5.800012
121.171520	-6.300012
121.204864	-5.000012
121.238208	-5.000012
121.271552	-5.800012
121.304896	-6.300012
121.338239	-5.000012
121.371583	-5.800012
121.404927	-6.300012
121.438271	-4.300012
121.471615	-5.800012
121.504959	-6.300012
121.538302	-4.100012
121.571646	-3.200012
121.604990	-5.400012
121.638334	-5.000012
121.671678	-5.800012
121.705022	-6.300012
121.738365	-5.000012
121.771709	-5.800012
121.805053	-4.200012
121.838397	-5.800012
121.871741	-4.300012
121.905085	-5.800012
121.938429	-3.400012
121.971772	-6.300012
122.005116	-4.000012
122.038460	-4.200012
122.071804	-6.300012
122.105148	-3.400012
122.138492	-3.400012
122.171835	-3.400012
122.205179	-3.400012
122.238523	-3.400012
122.271867	-3.400012
122.305211	-3.700012
122.338555	-3.400012
122.371898	-3.700012
122.405242	-3.700012
122.438586	-3.300012
122.471930	-3.200012
122.505274	-5.000012
122.538618	-5.800012
122.571962	-4.300012
122.605305	-4.300012
122.638649	-5.800012
122.671993	-3.400012
122.705337	-3.200012
122.738681	-4.300012
122.772025	-5.000012
122.805368	-5.800012
122.838712	-4.000012
122.872056	-4.100012
122.905400	-3.200012
122.938744	-4.500012
122.972088	-5.800012
123.005431	-3.200012
123.038775	-4.300012
123.072119	-3.300012
123.105463	-3.300012
123.138807	-3.200012
123.172151	-1.600012
123.205495	-4.500012
123.238838	-2.600012
123.272182	-3.300012
123.305526	-4.300012
123.338870	-1.700012
123.372214	-1.600012
123.405558	-1.600012
123.438901	-1.600012
123.472245	-1.600012
123.505589	-1.600012
123.538933	-1.600012
123.572277	-1.600012
123.605621	-1.600012
123.638964	-1.600012
123.672308	-1.600012
123.705652	-1.600012
123.738996	-1.600012
123.772340	-1.600012
123.805684	-1.600012
123.839028	-1.600012
123.872371	-1.600012
123.905715	-1.600012
123.939059	-1.500012
123.972403	-1.700012
124.005747	-1.700012
124.039091	-2.000012
124.072434	6.299988
124.105778	9.799988
124.139122	11.799988
124.172466	15.499988
124.205810	13.499988
124.239154	13.499988
124.272497	12.899988
124.305841	13.499987
124.339185	12.399987
124.372529	13.499987
124.405873	14.199987
124.439217	13.499987
124.472561	13.499987
124.505904	13.499987
124.539248	13.499987
124.572592	13.499987
124.605936	13.499987
124.639280	12.399987
124.672624	11.799987
124.705967	13.499987
124.739311	13.499987
124.772655	13.499987
124.805999	13.499987
124.839343	13.499987
124.872687	13.499987
124.906030	13.099987
124.939374	13.499987
124.972718	13.499987
125.006062	13.499987
125.039406	13.499987
125.072750	13.499987
125.106093	13.499987
125.139437	13.499987
125.172781	13.499987
125.206125	13.499987
125.239469	14.199987
125.272813	13.499987
125.306157	13.499987
125.339500	13.499987
125.372844	13.099987
125.406188	13.499987
125.439532	14.499987
125.472876	13.499986
125.506220	13.499987
125.539563	13.499987
125.572907	13.499987
125.606251	13.499987
125.639595	13.499987
125.672939	13.499987
125.706283	13.499987
125.739626	13.499987
125.772970	13.499987
125.806314	15.199987
125.839658	13.499986
125.873002	13.499986
125.906346	14.199986
125.939690	13.499986
125.973033	14.499986
126.006377	13.499986
126.039721	13.499987
126.073065	13.499987
126.106409	13.099987
126.139753	13.499987
126.173096	13.499987
126.206440	13.499987
126.239784	13.499987
126.273128	13.499987
126.306472	13.499987
126.339816	13.499987
126.373159	13.499987
126.406503	13.499987
126.439847	13.499987
126.473191	13.499987
126.506535	13.099987
126.539879	13.499987
126.573223	14.199987
126.606566	13.499987
126.639910	13.499987
126.673254	13.499987
126.706598	13.499987
126.739942	13.499987
126.773286	13.499987
126.806629	13.499987
126.839973	15.199987
126.873317	13.499986
126.906661	13.499986
126.940005	13.499986
126.973349	13.499986
127.006692	13.499986
127.040036	11.799986
127.073380	13.499987
127.106724	13.499987
127.140068	13.499987
127.173412	13.499987
127.206756	13.499987
127.240099	13.499987
127.273443	13.499987
127.306787	13.499987
127.340131	13.499987
127.373475	13.499987
127.406819	13.499987
127.440162	13.499987
127.473506	13.499987
127.506850	13.499987
127.540194	13.499987
127.573538	13.499987
127.606882	13.499987
127.640225	13.499987
127.673569	14.199987
127.706913	13.499987
127.740257	13.499987
127.773601	13.499987
127.806945	13.499987
127.840288	13.499987
127.873632	15.199987
127.906976	13.499986
127.940320	15.199986
127.973664	13.499986
128.007008	13.499986
128.040352	13.499986
128.073695	13.499986
128.107039	13.499986
128.140383	15.199986
128.173727	13.499986
128.207071	13.499986
128.240415	13.499986
128.273758	13.499986
128.307102	13.499986
128.340446	13.499986
128.373790	13.499986
128.407134	15.199986
128.440478	13.499986
128.473821	13.499986
128.507165	13.499986
128.540509	13.499986
128.573853	13.499986
128.607197	14.499986
128.640541	13.499986
128.673885	13.499987
128.707228	13.499987
128.740572	13.499987
128.773916	13.499987
128.807260	13.499987
128.840604	13.499987
128.873948	13.499987
128.907291	13.499987
128.940635	13.499987
128.973979	13.499987
129.007323	13.499987
129.040667	13.499987
129.074011	14.199987
129.107354	13.499987
129.140698	13.499987
129.174042	13.499987
129.207386	13.099987
129.240730	13.499987
129.274074	13.499987
129.307418	13.499987
129.340761	15.199987
129.374105	13.499986
129.407449	13.499986
129.440793	13.499986
129.474137	13.099986
129.507481	13.499986
129.540824	13.499987
129.574168	13.499987
129.607512	13.099987
129.640856	13.499987
129.674200	13.499987
129.707544	13.499987
129.740887	14.499987
129.774231	13.499986
129.807575	13.499987
129.840919	13.499987
129.874263	13.499987
129.907607	13.499987
129.940951	13.499987
129.974294	13.499987
130.007638	14.199987
130.040982	13.499987
130.074326	15.499987
130.107670	13.499986
130.141014	13.499987
130.174357	13.499987
130.207701	14.199987
130.241045	13.499987
130.274389	13.499987
130.307733	13.499987
130.341077	13.499987
130.374420	13.499987
130.407764	13.499987
130.441108	13.499987
130.474452	13.499987
130.507796	13.499987
130.541140	13.499987
130.574484	13.499987
130.607827	13.499987
130.641171	13.499987
130.674515	13.499987
130.707859	13.499987
130.741203	13.499987
130.774547	13.499987
130.807890	13.499987
130.841234	13.499987
130.874578	13.499987
130.907922	13.499987
130.941266	13.499987
130.974610	13.499987
131.007953	13.499987
131.041297	13.499987
131.074641	13.499987
131.107985	13.499987
131.141329	15.199987
131.174673	13.499986
131.208016	13.499986
131.241360	13.499986
131.274704	13.499986
131.308048	13.499986
131.341392	13.499986
131.374736	14.199986
131.408080	13.499986
131.441423	13.499986
131.474767	13.499986
131.508111	14.499986
131.541455	13.499986
131.574799	13.499987
131.608143	13.499987
131.641486	13.499987
131.674830	13.499987
131.708174	13.499987
131.741518	13.499987
131.774862	13.499987
131.808206	13.499987
131.841549	13.499987
131.874893	13.499987
131.908237	13.499987
131.941581	13.499987
131.974925	13.499987
132.008269	13.499987
132.041613	13.499987
132.074956	13.499987
132.108300	13.499987
132.141644	13.499987
132.174988	13.499987
132.208332	13.499987
132.241676	13.499987
132.275019	13.499987
132.308363	13.499987
132.341707	13.499987
132.375051	13.499987
132.408395	13.499987
132.441739	13.499987
132.475082	15.199987
132.508426	13.499986
132.541770	13.499986
132.575114	13.499986
132.608458	13.499986
132.641802	13.499986
132.675146	13.499986
132.708489	13.499986
132.741833	15.199986
132.775177	13.499986
132.808521	13.499986
132.841865	13.499986
132.875209	13.499986
132.908552	13.499986
132.941896	13.499986
132.975240	14.199986
133.008584	13.499986
133.041928	13.499986
133.075272	13.499986
133.108615	14.499986
133.141959	13.499986
133.175303	13.499987
133.208647	13.499987
133.241991	13.499987
133.275335	13.499987
133.308679	13.499987
133.342022	13.499987
133.375366	13.499987
133.408710	15.199987
133.442054	13.499986
133.475398	13.499986
133.508742	13.499986
133.542085	13.499986
133.575429	13.499986
133.608773	13.499986
133.642117	13.499986
133.675461	13.499986
133.708805	13.499986
133.742148	13.499986
133.775492	13.499986
133.808836	15.199986
133.842180	13.499986
133.875524	13.499986
133.908868	13.499986
133.942212	13.499986
133.975555	13.499986
134.008899	13.499986
134.042243	13.499986
134.075587	15.199986
134.108931	13.499986
134.142275	13.499986
134.175618	13.499986
134.208962	15.199986
134.242306	13.499986
134.275650	15.199986
134.308994	13.499986
134.342338	15.199986
134.375681	13.499986
134.409025	13.499986
134.442369	13.499986
134.475713	13.099986
134.509057	13.499986
134.542401	13.499987
134.575744	13.499987
134.609088	13.499987
134.642432	13.499987
134.675776	14.199987
134.709120	13.499987
134.742464	14.299987
134.775808	13.499987
134.809151	13.499987
134.842495	13.499987
134.875839	13.499987
134.909183	13.499987
134.942527	13.499987
134.975871	13.499987
135.009214	15.199987
135.042558	13.499986
135.075902	13.499986
135.109246	13.499986
135.142590	15.199986
135.175934	13.499986
135.209277	13.499986
135.242621	13.499986
135.275965	15.199986
135.309309	13.499986
135.342653	13.499986
135.375997	13.499986
135.409341	15.199986
135.442684	13.499986
135.476028	15.199986
135.509372	13.499986
135.542716	14.199986
135.576060	13.499986
135.609404	13.499986
135.642747	13.499986
135.676091	15.199986
135.709435	13.499986
135.742779	14.199986
135.776123	13.499986
135.809467	15.199986
135.842810	13.499986
135.876154	14.499986
135.909498	13.499986
135.942842	13.499987
135.976186	13.499987
136.009530	13.499987
136.042874	13.499987
136.076217	13.499987
136.109561	13.499987
136.142905	13.499987
136.176249	15.199987
136.209593	13.499986
136.242937	13.499986
136.276280	13.499986
136.309624	13.499986
136.342968	13.499986
136.376312	13.499986
136.409656	13.499986
136.443000	13.499986
136.476343	13.499986
136.509687	14.499986
136.543031	13.499986
136.576375	13.499987
136.609719	13.499987
136.643063	13.499987
136.676407	13.499987
136.709750	13.499987
136.743094	13.499987
136.776438	13.499987
136.809782	13.499987
136.843126	13.499987
136.876470	13.499987
136.909813	13.499987
136.943157	13.499987
136.976501	14.199987
137.009845	13.499987
137.043189	13.499987
137.076533	13.499987
137.109876	13.399987
137.143220	13.499986
137.176564	13.499987
137.209908	13.499987
137.243252	13.499987
137.276596	13.499987
137.309939	13.499987
137.343283	13.499987
137.376627	13.499987
137.409971	15.199987
137.443315	13.499986
137.476659	13.499986
137.510003	13.499986
137.543346	13.099986
137.576690	13.499986
137.610034	13.499987
137.643378	13.499987
137.676722	13.499987
137.710066	13.499987
137.743409	13.399987
137.776753	13.499986
137.810097	13.499987
137.843441	13.499987
137.876785	13.399987
137.910129	13.499986
137.943472	13.499987
137.976816	13.499987
138.010160	13.499987
138.043504	15.199987
138.076848	16.199986
138.110192	21.199985
138.143536	22.499986
138.176879	25.899985
138.210223	24.699985
138.243567	24.199984
138.276911	23.799984
138.310255	21.999984
138.343599	22.799984
138.376942	22.799984
138.410286	23.799984
138.443630	22.499984
138.476974	22.799985
138.510318	24.099984
138.543662	24.099984
138.577005	24.099984
138.610349	24.099984
138.643693	24.099984
138.677037	22.699984
138.710381	24.099983
138.743725	22.799982
138.777069	24.099983
138.810412	23.799982
138.843756	24.099983
138.877100	21.999982
138.910444	24.099982
138.943788	22.699982
138.977132	24.099983
139.010475	24.099982
139.043819	23.799982
139.077163	23.799983
139.110507	23.799983
139.143851	23.799983
139.177195	22.999983
139.210538	22.999983
139.243882	22.799983
139.277226	22.799983
139.310570	22.799983
139.343914	23.799983
139.377258	23.499983
139.410602	22.799982
139.443945	21.999983
139.477289	24.099982
139.510633	24.099982
139.543977	22.699982
139.577321	24.099983
139.610665	22.999982
139.644008	23.799983
139.677352	22.799983
139.710696	21.999983
139.744040	22.799982
139.777384	24.099983
139.810728	24.099982
139.844071	22.699982
139.877415	23.799983
139.910759	22.799983
139.944103	22.699983
139.977447	22.799983
140.010791	23.799983
140.044135	23.799983
140.077478	24.099983
140.110822	24.099982
140.144166	22.799982
140.177510	22.799983
140.210854	22.799983
140.244198	23.499983
140.277541	23.799982
140.310885	24.099983
140.344229	24.099982
140.377573	24.099982
140.410917	23.799982
140.444261	22.999983
140.477604	24.099983
140.510948	24.099982
140.544292	24.099982
140.577636	24.099982
140.610980	22.699982
140.644324	21.999983
140.677667	22.999982
140.711011	22.799981
140.744355	22.799981
140.777699	23.799981
140.811043	24.099981
140.844387	24.099982
140.877731	24.099982
140.911074	23.799982
140.944418	24.099983
140.977762	24.099982
141.011106	23.799982
141.044450	21.999983
141.077794	22.699982
141.111137	24.099981
141.144481	24.099982
141.177825	24.099982
141.211169	24.099982
141.244513	24.099982
141.277857	24.099982
141.311200	23.799982
141.344544	21.999983
141.377888	22.699982
141.411232	24.199981
141.444576	22.799983
141.477920	23.799983
141.511264	25.899983
141.544607	22.499984
141.577951	23.799983
141.611295	24.099983
141.644639	24.099982
141.677983	23.799982
141.711327	23.799983
141.744670	23.799983
141.778014	24.099983
141.811358	24.099982
141.844702	23.799982
141.878046	23.799983
141.911390	23.799983
141.944733	24.099983
141.978077	23.799982
142.011421	23.799983
142.044765	21.999983
142.078109	22.799982
142.111453	24.099983
142.144797	24.099982
142.178140	23.799982
142.211484	23.799983
142.244828	23.799983
142.278172	24.099983
142.311516	24.099982
142.344860	21.999982
142.378203	22.799982
142.411547	21.999983
142.444891	23.799982
142.478235	24.099983
142.511579	22.499982
142.544923	23.799983
142.578266	21.999983
142.611610	22.699982
142.644954	22.399981
142.678298	24.099981
142.711642	22.699981
142.744986	24.199981
142.778330	24.099983
142.811673	24.099982
142.845017	22.999982
142.878361	22.699983
142.911705	21.999983
142.945049	22.799982
142.978393	24.099983
143.011736	23.799982
143.045080	23.799983
143.078424	23.799983
143.111768	23.799983
143.145112	24.099983
143.178456	23.799982
143.211799	21.999983
143.245143	22.699982
143.278487	23.799981
143.311831	24.099981
143.345175	24.099982
143.378519	24.099982
143.411863	23.799982
143.445206	24.099983
143.478550	24.099982
143.511894	23.799982
143.545238	23.799983
143.578582	24.099983
143.611926	24.099982
143.645269	23.799982
143.678613	23.799983
143.711957	23.799983
143.745301	24.099983
143.778645	23.799982
143.811989	23.799983
143.845332	23.799983
143.878676	24.099983
143.912020	24.099982
143.945364	22.799982
143.978708	23.799983
144.012052	23.799983
144.045395	22.999983
144.078739	24.099983
144.112083	24.099982
144.145427	24.099982
144.178771	24.099982
144.212115	22.999982
144.245459	22.799983
144.278802	21.999983
144.312146	24.099982
144.345490	24.099982
144.378834	24.099982
144.412178	22.699982
144.445522	21.999983
144.478865	22.799982
144.512209	21.999983
144.545553	24.099982
144.578897	24.099982
144.612241	22.799982
144.645585	22.699983
144.678928	24.099983
144.712272	23.799982
144.745616	24.099983
144.778960	24.099982
144.812304	23.799982
144.845648	23.799983
144.878992	23.499983
144.912335	22.999982
144.945679	22.699983
144.979023	22.699983
145.012367	23.799983
145.045711	23.599983
145.079055	24.099983
145.112398	23.799984
145.145742	23.799984
145.179086	23.799984
145.212430	24.099984
145.245774	23.799984
145.279118	23.799984
145.312461	23.799984
145.345805	24.099984
145.379149	23.799984
145.412493	23.799984
145.445837	23.799984
145.479181	23.599984
145.512525	23.799985
145.545868	23.799984
145.579212	23.799984
145.612556	23.599984
145.645900	24.099985
145.679244	23.799985
145.712588	23.799984
145.745931	21.999984
145.779275	22.799984
145.812619	24.099984
145.845963	23.799984
145.879307	23.799984
145.912651	23.799984
145.945994	24.099984
145.979338	23.799984
146.012682	23.799984
146.046026	23.799984
146.079370	23.599984
146.112714	24.099985
146.146058	23.799985
146.179401	23.799984
146.212745	22.499984
146.246089	23.799985
146.279433	23.499984
146.312777	23.499984
146.346121	22.499984
146.379464	22.499983
146.412808	24.099983
146.446152	23.799984
146.479496	24.099984
146.512840	23.799984
146.546184	23.799984
146.579527	23.799984
146.612871	23.499984
146.646215	24.099984
146.679559	24.099984
146.712903	24.099984
146.746247	23.799984
146.779590	23.799984
146.812934	24.099984
146.846278	24.099984
146.879622	24.099984
146.912966	23.799984
146.946310	24.099984
146.979654	24.099984
147.012997	23.799984
147.046341	24.099984
147.079685	24.099984
147.113029	24.099984
147.146373	24.099984
147.179717	23.799984
147.213060	24.099984
147.246404	24.099984
147.279748	23.799984
147.313092	24.099984
147.346436	23.199984
147.379780	24.099983
147.413123	24.099984
147.446467	24.099984
147.479811	24.099984
147.513155	22.799984
147.546499	22.799984
147.579843	23.799984
147.613187	24.099984
147.646530	23.799984
147.679874	23.799984
147.713218	23.799984
147.746562	23.799984
147.779906	23.799984
147.813250	23.799984
147.846593	23.799984
147.879937	23.799984
147.913281	24.099984
147.946625	23.799984
147.979969	23.799984
148.013313	23.799984
148.046656	23.499984
148.080000	22.999984
148.113344	23.199983
148.146688	22.699983
148.180032	23.599983
148.213376	23.799983
148.246720	23.799983
148.280063	23.799983
148.313407	23.799983
148.346751	24.099983
148.380095	23.799982
148.413439	23.799983
148.446783	22.499983
148.480126	23.799983
148.513470	23.499983
148.546814	23.499982
148.580158	22.799982
148.613502	23.799983
148.646846	23.799983
148.680189	23.799983
148.713533	21.999983
148.746877	22.499982
148.780221	22.499983
148.813565	23.799983
148.846909	24.499983
148.880253	22.499983
148.913596	22.699983
148.946940	23.799983
148.980284	22.999983
149.013628	22.999983
149.046972	22.699983
149.080316	22.499983
149.113659	23.499983
149.147003	22.999984
149.180347	22.699983
149.213691	22.499983
149.247035	23.499983
149.280379	23.499984
149.313722	22.699984
149.347066	21.999983
149.380410	22.799982
149.413754	22.799983
149.447098	23.499983
149.480442	22.999982
149.513786	22.699983
149.547129	22.499983
149.580473	21.999983
149.613817	22.699982
149.647161	24.499981
149.680505	22.699981
149.713849	22.699981
149.747192	21.999981
149.780536	22.699981
149.813880	23.799981
149.847224	24.499981
149.880568	22.699981
149.913912	22.699981
149.947255	21.999981
149.980599	22.799981
150.013943	23.499981
150.047287	22.999981
150.080631	22.999981
150.113975	22.499981
150.147318	23.799981
150.180662	23.799981
150.214006	23.799981
150.247350	21.999981
150.280694	22.699981
150.314038	22.499981
150.347382	23.799981
150.380725	22.999981
150.414069	23.799981
150.447413	22.999981
150.480757	22.799981
150.514101	23.799981
150.547445	21.999981
150.580788	22.699981
150.614132	21.999981
150.647476	22.699981
150.680820	23.599981
150.714164	23.799980
150.747508	21.299981
150.780851	22.799980
150.814195	21.999981
150.847539	22.799981
150.880883	21.999981
150.914227	22.499981
150.947571	23.499981
150.980915	22.999981
151.014258	22.499981
151.047602	22.499981
151.080946	23.599981
151.114290	23.599980
151.147634	21.999980
151.180978	22.999981
151.214321	21.899981
151.247665	22.699982
151.281009	22.099981
151.314353	22.499981
151.347697	23.399981
151.381041	23.499980
151.414384	22.499981
151.447728	22.499981
151.481072	23.499981
151.514416	22.999981
151.547760	22.699981
151.581104	22.699981
151.614448	23.499981
151.647791	22.999981
151.681135	22.599981
151.714479	22.499981
151.747823	21.999981
151.781167	22.499981
151.814511	21.999981
151.847854	22.699981
151.881198	23.599981
151.914542	22.999980
151.947886	22.999980
151.981230	22.799980
152.014574	22.799978
152.047917	22.999978
152.081261	22.999978
152.114605	22.499978
152.147949	22.099977
152.181293	21.999978
152.214637	22.999977
152.247981	22.799978
152.281324	21.999978
152.314668	22.799979
152.348012	23.799978
152.381356	21.999978
152.414700	22.999979
152.448044	22.499980
152.481387	23.199979
152.514731	22.699979
152.548075	22.499980
152.581419	22.499979
152.614763	23.799979
152.648107	22.999980
152.681450	22.999980
152.714794	22.499980
152.748138	23.599979
152.781482	23.799979
152.814826	21.999980
152.848170	22.099979
152.881514	22.499979
152.914857	23.599979
152.948201	23.799979
152.981545	21.899980
153.014889	22.099980
153.048233	22.499981
153.081577	23.599981
153.114920	23.799980
153.148264	21.999981
153.181608	22.099981
153.214952	22.499981
153.248296	23.599981
153.281640	23.799980
153.314983	21.899981
153.348327	22.099982
153.381671	22.499981
153.415015	23.599981
153.448359	23.799980
153.481703	21.299981
153.515046	22.099980
153.548390	22.499981
153.581734	22.999981
153.615078	22.999981
153.648422	22.499981
153.681766	22.499981
153.715110	23.499981
153.748453	22.999981
153.781797	22.499981
153.815141	22.099981
153.848485	22.399981
153.881829	22.499981
153.915173	22.099981
153.948516	22.499981
153.981860	23.499981
154.015204	22.999981
154.048548	22.999981
154.081892	22.499981
154.115236	23.499981
154.148579	22.999981
154.181923	22.499981
154.215267	22.499981
154.248611	23.499981
154.281955	22.999981
154.315299	22.999981
154.348643	22.499981
154.381986	23.499981
154.415330	22.999981
154.448674	22.999981
154.482018	22.699981
154.515362	23.599981
154.548706	23.799980
154.582049	21.999981
154.615393	22.099981
154.648737	22.099981
154.682081	22.399981
154.715425	22.799981
154.748769	22.099981
154.782112	22.499981
154.815456	21.999981
154.848800	22.399981
154.882144	22.799981
154.915488	22.099981
154.948832	22.099981
154.982176	22.399981
155.015519	22.099981
155.048863	22.999981
155.082207	22.099981
155.115551	22.399981
155.148895	22.499981
155.182239	22.099981
155.215582	22.099981
155.248926	22.399981
155.282270	22.499981
155.315614	22.099981
155.348958	22.099981
155.382302	22.399981
155.415645	22.799981
155.448989	22.099981
155.482333	22.099981
155.515677	22.399981
155.549021	23.199981
155.582365	22.499982
155.615709	22.499981
155.649052	23.499981
155.682396	23.199981
155.715740	22.099982
155.749084	22.099982
155.782428	23.199982
155.815772	21.999983
155.849115	22.999982
155.882459	22.099981
155.915803	22.499981
155.949147	22.999981
155.982491	22.999981
156.015835	22.099981
156.049178	22.099981
156.082522	22.799981
156.115866	21.999981
156.149210	22.999981
156.182554	21.999981
156.215898	22.099981
156.249241	22.099981
156.282585	22.099981
156.315929	22.499981
156.349273	22.099981
156.382617	22.499981
156.415961	22.999981
156.449305	22.099981
156.482648	22.099981
156.515992	22.999981
156.549336	22.399981
156.582680	22.099981
156.616024	22.099981
156.649368	22.999981
156.682711	22.499981
156.716055	21.999981
156.749399	22.999981
156.782743	21.999981
156.816087	22.099981
156.849431	22.099981
156.882774	22.799981
156.916118	23.799981
156.949462	21.999981
156.982806	22.499981
157.016150	23.599981
157.049494	23.799980
157.082838	22.099981
157.116181	22.499981
157.149525	23.499981
157.182869	22.799981
157.216213	22.099981
157.249557	22.399981
157.282901	22.999981
157.316244	22.099981
157.349588	22.099981
157.382932	22.399981
157.416276	22.499981
157.449620	21.999981
157.482964	22.999981
157.516307	21.999981
157.549651	22.999981
157.582995	22.399981
157.616339	22.099981
157.649683	22.099981
157.683027	22.999981
157.716371	22.399981
157.749714	22.099981
157.783058	22.099981
157.816402	22.999981
157.849746	22.399981
157.883090	22.099981
157.916434	22.799981
157.949777	21.999981
157.983121	22.999981
158.016465	22.799981
158.049809	21.299981
158.083153	21.999980
158.116497	22.499981
158.149840	23.599981
158.183184	23.799980
158.216528	21.999981
158.249872	22.699981
158.283216	22.099981
158.316560	22.099981
158.349904	22.399981
158.383247	22.799981
158.416591	22.499981
158.449935	23.499981
158.483279	23.499981
158.516623	22.699981
158.549967	22.099981
158.583310	22.099981
158.616654	22.799981
158.649998	21.999981
158.683342	22.799981
158.716686	22.099981
158.750030	23.799981
158.783373	22.999981
158.816717	22.999981
158.850061	22.099981
158.883405	22.799981
158.916749	22.799981
158.950093	21.999981
158.983437	22.799981
159.016780	21.999981
159.050124	22.099981
159.083468	23.599981
159.116812	21.999980
159.150156	22.799981
159.183500	22.799981
159.216843	21.999981
159.250187	22.099981
159.283531	22.099981
159.316875	21.999981
159.350219	22.999981
159.383563	22.799981
159.416906	22.499981
159.450250	23.799981
159.483594	23.499981
159.516938	22.699981
159.550282	22.699981
159.583626	21.999981
159.616969	22.099981
159.650313	22.999981
159.683657	22.799981
159.717001	22.999981
159.750345	22.999981
159.783689	22.399981
159.817033	22.499981
159.850376	22.699981
159.883720	22.099981
159.917064	21.999981
159.950408	22.799981
159.983752	23.799981
160.017096	21.999981
160.050439	22.499981
160.083783	22.099981
160.117127	21.999981
160.150471	22.799981
160.183815	21.999981
160.217159	22.699981
160.250502	21.999981
160.283846	22.099981
160.317190	22.099981
160.350534	22.799981
160.383878	21.299981
160.417222	22.099980
160.450566	22.099981
160.483909	22.399981
160.517253	22.499981
160.550597	22.099981
160.583941	22.499981
160.617285	22.099981
160.650629	23.799981
160.683972	21.299981
160.717316	22.099980
160.750660	22.099981
160.784004	22.399981
160.817348	23.499981
160.850692	22.499981
160.884035	22.099981
160.917379	22.099981
160.950723	21.999981
160.984067	22.799981
161.017411	21.299981
161.050755	22.799980
161.084099	22.699981
161.117442	22.499981
161.150786	23.499981
161.184130	23.799981
161.217474	22.699981
161.250818	22.099981
161.284162	23.799981
161.317505	22.799981
161.350849	21.999981
161.384193	22.499981
161.417537	22.099981
161.450881	22.099981
161.484225	21.999981
161.517568	22.799981
161.550912	23.799981
161.584256	23.499981
161.617600	23.499981
161.650944	23.499981
161.684288	22.499981
161.717632	22.099981
161.750975	22.099981
161.784319	21.999981
161.817663	21.999981
161.851007	22.499981
161.884351	22.499981
161.917695	22.499981
161.951038	22.099981
161.984382	22.099981
162.017726	21.299981
162.051070	22.699980
162.084414	23.799980
162.117758	23.499980
162.151101	23.199981
162.184445	22.999982
162.217789	22.499981
162.251133	22.099981
162.284477	22.799981
162.317821	23.799981
162.351165	23.799981
162.384508	22.999981
162.417852	22.699981
162.451196	22.099981
162.484540	22.099981
162.517884	22.099981
162.551228	22.999981
162.584571	22.799981
162.617915	21.299981
162.651259	22.099980
162.684603	21.999981
162.717947	21.999981
162.751291	22.999981
162.784634	22.999981
162.817978	22.799981
162.851322	21.299981
162.884666	22.099980
162.918010	22.099981
162.951354	21.999981
162.984697	21.999981
163.018041	22.799981
163.051385	22.699981
163.084729	22.099981
163.118073	22.499981
163.151417	22.099981
163.184761	22.399981
163.218104	22.099981
163.251448	22.099981
163.284792	21.299981
163.318136	21.999980
163.351480	22.499981
163.384824	22.799981
163.418167	22.799981
163.451511	22.499981
163.484855	22.099981
163.518199	23.599981
163.551543	22.999980
163.584887	22.799980
163.618230	21.299978
163.651574	22.099979
163.684918	23.499979
163.718262	22.999979
163.751606	22.499980
163.784950	22.699979
163.818294	23.499980
163.851637	22.499981
163.884981	23.499981
163.918325	22.699981
163.951669	22.699981
163.985013	22.099981
164.018357	22.999981
164.051700	22.999981
164.085044	22.799981
164.118388	21.999981
164.151732	21.299981
164.185076	21.999980
164.218420	21.999981
164.251763	22.499981
164.285107	22.499981
164.318451	22.499981
164.351795	22.799981
164.385139	22.699981
164.418483	21.999981
164.451827	21.299981
164.485170	21.999980
164.518514	23.499981
164.551858	22.699981
164.585202	22.699981
164.618546	22.499981
164.651890	22.499981
164.685233	22.499981
164.718577	22.499981
164.751921	22.999981
164.785265	21.999981
164.818609	22.999981
164.851953	22.499981
164.885296	22.499981
164.918640	22.999981
164.951984	22.999981
164.985328	22.999981
165.018672	22.799981
165.052016	23.799981
165.085360	22.999981
165.118703	21.299981
165.152047	21.999980
165.185391	22.499981
165.218735	22.799981
165.252079	22.999981
165.285423	22.999981
165.318766	22.699981
165.352110	21.999981
165.385454	21.999981
165.418798	21.999981
165.452142	23.799981
165.485486	21.999981
165.518829	22.499981
165.552173	22.499981
165.585517	22.999981
165.618861	22.699981
165.652205	21.999981
165.685549	21.999981
165.718892	21.999981
165.752236	22.499981
165.785580	23.799981
165.818924	22.999981
165.852268	23.199981
165.885612	22.699982
165.918956	22.099981
165.952299	21.999981
165.985643	22.799981
166.018987	21.999981
166.052331	22.099981
166.085675	22.999981
166.119019	22.099981
166.152362	23.799981
166.185706	22.399981
166.219050	22.499981
166.252394	22.099981
166.285738	23.599981
166.319082	21.299980
166.352425	22.499980
166.385769	21.999981
166.419113	22.499981
166.452457	22.499981
166.485801	22.999981
166.519145	23.199981
166.552489	22.099982
166.585832	22.699982
166.619176	23.599983
166.652520	21.999983
166.685864	22.799982
166.719208	21.999983
166.752552	22.699982
166.785895	22.499981
166.819239	22.999981
166.852583	22.999981
166.885927	22.699981
166.919271	22.699981
166.952615	22.999981
166.985958	22.999981
167.019302	22.099981
167.052646	22.499981
167.085990	23.799981
167.119334	21.899981
167.152678	22.999982
167.186022	22.099981
167.219365	22.099981
167.252709	22.799981
167.286053	23.799981
167.319397	21.299981
167.352741	22.099980
167.386085	22.099981
167.419428	22.099981
167.452772	22.799981
167.486116	21.999981
167.519460	22.099981
167.552804	22.099981
167.586148	22.099981
167.619491	22.799981
167.652835	23.799981
167.686179	21.999981
167.719523	22.099981
167.752867	22.099981
167.786211	22.799981
167.819555	21.999981
167.852898	22.799981
167.886242	21.999981
167.919586	22.099981
167.952930	22.799981
167.986274	23.799981
168.019618	22.799981
168.052961	21.999981
168.086305	22.099981
168.119649	22.099981
168.152993	23.799981
168.186337	22.099981
168.219681	22.099981
168.253024	22.099981
168.286368	22.799981
168.319712	21.999981
168.353056	22.999981
168.386400	21.999981
168.419744	22.099981
168.453088	22.099981
168.486431	22.999981
168.519775	22.799981
168.553119	21.899981
168.586463	22.099982
168.619807	22.099981
168.653151	22.799981
168.686494	22.099981
168.719838	22.099981
168.753182	22.099981
168.786526	22.799981
168.819870	21.999981
168.853214	22.799981
168.886557	21.999981
168.919901	22.699981
168.953245	21.999981
168.986589	22.499981
169.019933	22.499981
169.053277	22.099981
169.086620	21.999981
169.119964	22.799981
169.153308	22.099981
169.186652	22.699981
169.219996	22.099981
169.253340	21.999981
169.286684	22.499981
169.320027	22.799981
169.353371	22.099981
169.386715	22.099981
169.420059	22.699981
169.453403	23.599981
169.486747	21.999980
169.520090	22.099981
169.553434	22.099981
169.586778	22.699981
169.620122	22.699981
169.653466	23.199981
169.686810	22.999982
169.720153	22.699981
169.753497	21.999981
169.786841	22.099981
169.820185	22.699981
169.853529	22.099981
169.886873	22.099981
169.920217	22.699981
169.953560	21.999981
169.986904	22.099981
170.020248	22.099981
170.053592	22.099981
170.086936	22.499981
170.120280	22.099981
170.153623	21.999981
170.186967	22.099981
170.220311	22.099981
170.253655	22.499981
170.286999	22.099981
170.320343	21.999981
170.353686	22.099981
170.387030	22.699981
